CustomerID,Recency,Frequency,Monetary
12346.0,5.7899601708972535,1.0986122886681098,0.0
12347.0,1.0986122886681098,2.0794415416798357,8.368925174747135
12348.0,4.330733340286331,1.6094379124341003,7.494563687769957
12349.0,2.995732273553991,0.6931471805599453,7.472244884833674
12350.0,5.739792912179234,0.6931471805599453,5.815323849389109
12352.0,3.6109179126442243,2.4849066497880004,7.343691394505391
12353.0,5.3230099791384085,0.6931471805599453,4.499809670330265
12354.0,5.4510384535657,0.6931471805599453,6.985086621918461
12355.0,5.3706380281276624,0.6931471805599453,6.132095676847728
12356.0,3.1780538303479458,1.3862943611198906,7.941804157314053
12357.0,3.5263605246161616,0.6931471805599453,8.733701981297274
12358.0,1.0986122886681098,1.0986122886681098,7.063955286074528
12359.0,2.1972245773362196,1.9459101490553132,8.739781388549858
12360.0,3.970291913552122,1.3862943611198906,7.887231116540211
12361.0,5.662960480135946,0.6931471805599453,5.251749730731702
12362.0,1.3862943611198906,2.6390573296152584,8.547834902246198
12363.0,4.709530201312334,1.0986122886681098,6.315358001522335
12364.0,2.1972245773362196,1.6094379124341003,7.180907299649593
12365.0,5.676753802268282,1.3862943611198906,5.773588348900164
12367.0,1.6094379124341003,0.6931471805599453,5.135210028677887
12370.0,3.9512437185814275,1.6094379124341003,8.173770053153254
12371.0,3.828641396489095,1.0986122886681098,7.543781692052325
12372.0,4.290459441148391,1.3862943611198906,7.169380809114136
12373.0,5.7430031878094825,0.6931471805599453,5.901539839579995
12374.0,3.258096538021482,0.6931471805599453,6.6119469443852195
12375.0,1.3862943611198906,1.3862943611198906,6.1234134382372645
12377.0,5.755742213586912,1.0986122886681098,7.395795270713971
12378.0,4.875197323201151,0.6931471805599453,8.29645175271804
12379.0,4.418840607796598,1.3862943611198906,6.746752846080739
12380.0,3.1354942159291497,1.791759469228055,7.908960524296672
12381.0,1.791759469228055,1.9459101490553132,7.49829370985661
12383.0,5.225746673713202,1.9459101490553132,7.517689314673032
12384.0,3.4011973816621555,1.3862943611198906,6.340641450869357
12386.0,5.82600010738045,1.0986122886681098,5.998688392197302
12388.0,2.833213344056216,1.9459101490553132,7.930803150780256
12390.0,4.394449154672439,0.6931471805599453,6.311444385858925
12391.0,3.1354942159291497,0.6931471805599453,6.1353267674944725
12393.0,4.290459441148391,1.6094379124341003,7.3674560152319755
12394.0,4.174387269895637,1.0986122886681098,7.149508589545504
12395.0,2.833213344056216,2.772588722239781,8.006127538845638
12397.0,3.6109179126442243,1.0986122886681098,7.7877554007552545
12398.0,3.8501476017100584,0.6931471805599453,7.4004128587924045
12399.0,4.787491742782046,1.6094379124341003,7.011799929268738
12401.0,5.717027701406222,0.6931471805599453,4.446174454497633
12402.0,5.780743515792329,0.6931471805599453,5.423186348593906
12403.0,3.9318256327243257,1.0986122886681098,6.017863020962513
12405.0,5.0106352940962555,0.6931471805599453,7.445061184797548
12406.0,3.1354942159291497,1.3862943611198906,8.096132095683517
12407.0,3.9318256327243257,1.791759469228055,7.4437338971514055
12408.0,3.5263605246161616,2.302585092994046,7.952815583992643
12409.0,4.382026634673881,2.0794415416798357,9.310903096619207
12410.0,5.71042701737487,1.3862943611198906,6.5251469530169
12412.0,4.330733340286331,1.3862943611198906,7.1130443840624835
12413.0,4.219507705176107,1.791759469228055,6.544127649615552
12414.0,5.384495062789089,1.3862943611198906,6.334007604663525
12415.0,3.2188758248682006,3.295836866004329,11.725828359290714
12417.0,1.3862943611198906,2.5649493574615367,8.1830622119124
12418.0,4.736198448394496,0.6931471805599453,6.506650650150935
12420.0,4.174387269895637,0.6931471805599453,6.3992436425478765
12421.0,2.833213344056216,1.791759469228055,6.69365818480376
12422.0,4.574710978503383,1.3862943611198906,6.690295544136225
12423.0,0.6931471805599453,2.302585092994046,7.523000375764187
12424.0,5.099866427824199,1.0986122886681098,7.474182104762846
12425.0,4.3694478524670215,0.6931471805599453,6.6569835605504535
12426.0,5.278114659230517,0.6931471805599453,6.369438547154207
12427.0,2.5649493574615367,1.791759469228055,6.564377252186778
12428.0,3.295836866004329,2.5649493574615367,8.971854730362702
12429.0,2.302585092994046,1.6094379124341003,8.22988438262624
12430.0,3.784189633918261,0.6931471805599453,5.5506312951620265
12431.0,3.6109179126442243,2.9444389791664403,8.766766771967307
12432.0,3.784189633918261,1.791759469228055,8.529185001388596
12433.0,0.6931471805599453,2.0794415416798357,9.50128237507538
12434.0,4.454347296253507,1.6094379124341003,6.641430180758773
12435.0,4.394449154672439,1.0986122886681098,8.965831447914955
12436.0,4.61512051684126,0.6931471805599453,6.234430333369278
12437.0,1.0986122886681098,2.995732273553991,8.496512819014505
12438.0,2.70805020110221,1.0986122886681098,7.9751692554798295
12441.0,5.908082938168931,0.6931471805599453,5.162211233551045
12442.0,1.3862943611198906,0.6931471805599453,5.153638355178593
12444.0,3.091042453358316,1.791759469228055,8.518484357502437
12445.0,3.1354942159291497,0.6931471805599453,4.900820428089049
12446.0,4.07753744390572,0.6931471805599453,6.9110598129904375
12447.0,5.497168225293202,0.6931471805599453,6.168543217293113
12448.0,3.8066624897703196,0.6931471805599453,6.110247083097449
12449.0,3.1354942159291497,1.6094379124341003,8.310978042729836
12450.0,5.056245805348308,1.0986122886681098,5.292701627762401
12451.0,2.4849066497880004,1.9459101490553132,9.097677704829838
12452.0,2.8903717578961645,1.3862943611198906,6.062784708354025
12453.0,4.90527477843843,0.6931471805599453,6.562571204258897
12454.0,3.9889840465642745,1.0986122886681098,5.68434188608064e-14
12455.0,4.30406509320417,1.9459101490553132,7.81110665732229
12456.0,3.8066624897703196,1.6094379124341003,8.05670890907432
12457.0,4.07753744390572,2.5649493574615367,7.559444846392433
12458.0,4.276666119016055,1.0986122886681098,6.854776354191251
12461.0,4.553876891600541,1.0986122886681098,6.718868216346018
12462.0,1.0986122886681098,1.6094379124341003,7.025547203487903
12463.0,3.8501476017100584,2.0794415416798357,7.1736747546517945
12464.0,2.3978952727983707,2.1972245773362196,7.100893128209941
12465.0,2.1972245773362196,1.3862943611198906,6.599720828148736
12468.0,4.969813299576001,1.3862943611198906,6.586226825746526
12471.0,1.0986122886681098,3.912023005428146,9.83851800518677
12472.0,3.4657359027997265,2.6390573296152584,8.737208655362522
12473.0,3.4011973816621555,2.302585092994046,7.954804061320141
12474.0,2.8903717578961645,3.4339872044851463,8.87030760418019
12475.0,4.007333185232471,0.6931471805599453,6.585316116572351
12476.0,0.6931471805599453,3.044522437723423,8.786850794711194
12477.0,3.1780538303479458,2.302585092994046,9.481741374164718
12478.0,1.6094379124341003,0.6931471805599453,6.525014994979364
12479.0,1.6094379124341003,1.3862943611198906,6.170238150686251
12480.0,3.367295829986474,1.6094379124341003,8.096400209353131
12481.0,3.1780538303479458,2.4849066497880004,8.629067247834866
12483.0,2.8903717578961645,2.6390573296152584,7.752820649216625
12484.0,3.5263605246161616,2.1972245773362196,8.411003443151177
12488.0,2.3978952727983707,1.3862943611198906,7.169857970780942
12489.0,5.820082930352362,0.6931471805599453,5.816902804925467
12490.0,1.791759469228055,2.3978952727983707,8.597653657970227
12491.0,3.6888794541139363,0.6931471805599453,6.134265345739653
12492.0,4.1588830833596715,1.0986122886681098,5.5767442414854775
12493.0,5.117993812416755,1.3862943611198906,6.034978913938941
12494.0,2.3978952727983707,2.6390573296152584,7.039090511812159
12497.0,4.418840607796598,0.6931471805599453,6.950910549296065
12498.0,3.091042453358316,1.3862943611198906,6.00314605188182
12500.0,3.1780538303479458,2.6390573296152584,8.344569260280856
12501.0,5.755742213586912,1.0986122886681098,7.645244650892818
12502.0,4.574710978503383,1.791759469228055,8.222787230875806
12503.0,5.82600010738045,0.6931471805599453,
12504.0,2.9444389791664403,1.6094379124341003,4.74493212836325
12505.0,5.71042701737487,0.6931471805599453,
12506.0,5.455321115357702,0.6931471805599453,4.310799125385514
12507.0,4.90527477843843,1.6094379124341003,7.138120689779327
12508.0,3.295836866004329,1.0986122886681098,5.989637879766574
12509.0,5.652489180268651,0.6931471805599453,5.178970608915471
12510.0,4.969813299576001,1.0986122886681098,6.8911888096735625
12512.0,4.204692619390966,1.0986122886681098,4.9346897371814515
12513.0,4.454347296253507,1.0986122886681098,6.376369741250785
12514.0,5.5909869805108565,0.6931471805599453,6.926262950537876
12515.0,5.869296913133774,0.6931471805599453,5.95246380975825
12516.0,4.3694478524670215,1.0986122886681098,7.180115570136106
12517.0,3.367295829986474,1.9459101490553132,7.810308076078937
12518.0,0.6931471805599453,1.791759469228055,7.629436465014086
12519.0,4.174387269895637,0.6931471805599453,5.83434279133577
12520.0,4.382026634673881,1.9459101490553132,7.856904218437767
12521.0,4.969813299576001,0.6931471805599453,6.39806234681208
12522.0,3.6888794541139363,1.0986122886681098,5.266413817535028
12523.0,1.0986122886681098,2.6390573296152584,7.4654091436040195
12524.0,2.302585092994046,2.1972245773362196,8.408877201532766
12526.0,0.6931471805599453,1.3862943611198906,7.183612715167257
12527.0,4.418840607796598,1.3862943611198906,5.857104239599851
12528.0,2.302585092994046,2.1972245773362196,7.561787340813513
12530.0,4.110873864173311,1.791759469228055,7.3930353765303165
12531.0,2.772588722239781,0.6931471805599453,4.838026416156094
12532.0,3.4339872044851463,0.6931471805599453,5.860301775655642
12534.0,4.882801922586371,0.6931471805599453,6.9940980992041535
12535.0,4.532599493153256,1.0986122886681098,6.575563866544399
12536.0,2.1972245773362196,1.791759469228055,8.320647753145908
12538.0,3.4011973816621555,0.6931471805599453,5.899760357897641
12539.0,3.1354942159291497,1.791759469228055,8.256737105218049
12540.0,3.044522437723423,2.995732273553991,9.496273916643846
12541.0,3.4339872044851463,1.3862943611198906,6.889774590946187
12544.0,3.4339872044851463,1.0986122886681098,5.876895092364846
12545.0,4.330733340286331,1.0986122886681098,6.9091443138264115
12546.0,3.871201010907891,1.3862943611198906,7.040974122768359
12547.0,5.293304824724492,1.0986122886681098,5.341376856008484
12548.0,5.117993812416755,0.6931471805599453,4.566429357671661
12550.0,4.382026634673881,0.6931471805599453,6.872987835288763
12551.0,5.883322388488279,0.6931471805599453,5.1298987149230735
12552.0,3.6888794541139363,1.0986122886681098,6.084089306213804
12553.0,2.1972245773362196,2.70805020110221,8.203372461354762
12556.0,3.9318256327243257,1.0986122886681098,6.404749004268278
12557.0,2.833213344056216,1.791759469228055,9.391991704219834
12558.0,1.0986122886681098,1.0986122886681098,1.0658141036401446e-14
12559.0,5.7430031878094825,1.3862943611198906,6.286389079516778
12560.0,1.791759469228055,1.6094379124341003,7.650830071810182
12561.0,5.717027701406222,0.6931471805599453,5.480013727948073
12562.0,2.1972245773362196,2.0794415416798357,8.23820389374878
12564.0,5.568344503761097,0.6931471805599453,6.12665081966305
12565.0,5.645446897643238,1.0986122886681098,4.884088972769716
12566.0,4.30406509320417,1.0986122886681098,5.851340039013816
12567.0,3.1780538303479458,2.4849066497880004,9.117779808509777
12569.0,1.0986122886681098,3.58351893845611,8.31041253476569
12571.0,3.713572066704308,1.0986122886681098,6.255001200981438
12572.0,2.302585092994046,1.3862943611198906,6.913458981898815
12573.0,5.429345628954441,0.6931471805599453,5.08475279001415
12574.0,5.75890177387728,0.6931471805599453,5.391124416134243
12576.0,3.6109179126442243,1.9459101490553132,7.176239241380365
12577.0,3.58351893845611,1.6094379124341003,6.390911582890583
12578.0,3.091042453358316,1.6094379124341003,7.9209403896998705
12579.0,4.30406509320417,1.3862943611198906,6.020343506658358
12580.0,5.5134287461649825,0.6931471805599453,6.032366538428407
12581.0,3.713572066704308,0.6931471805599453,5.291846475417725
12582.0,5.480638923341991,1.0986122886681098,6.239027502962935
12583.0,1.3862943611198906,2.9444389791664403,8.880215547842107
12584.0,1.6094379124341003,2.9444389791664403,7.546947731944156
12585.0,5.459585514144159,1.6094379124341003,7.592774517129917
12586.0,2.8903717578961645,1.0986122886681098,5.198165484597595
12587.0,2.1972245773362196,0.6931471805599453,4.976733742420574
12588.0,3.6888794541139363,0.6931471805599453,5.3748153375207615
12589.0,3.4011973816621555,1.0986122886681098,6.473396747218991
12590.0,5.25227342804663,1.3862943611198906,9.196482797779726
12591.0,5.762051382780177,0.6931471805599453,6.117766746972636
12592.0,4.532599493153256,1.0986122886681098,6.083587835983788
12593.0,4.700480365792417,1.3862943611198906,6.038109554931026
12594.0,3.6635616461296463,2.4849066497880004,8.108087464289532
12596.0,3.9512437185814275,1.0986122886681098,6.428541364981557
12597.0,2.995732273553991,1.791759469228055,8.211789684483328
12598.0,2.3978952727983707,2.302585092994046,8.007593482576052
12599.0,3.4011973816621555,2.0794415416798357,6.940783782995926
12600.0,3.4011973816621555,2.4849066497880004,7.85633506315336
12601.0,5.25227342804663,1.9459101490553132,6.346618334674775
12602.0,4.0943445622221,0.6931471805599453,5.037731519757957
12603.0,3.1354942159291497,0.6931471805599453,6.606920419952056
12604.0,4.382026634673881,1.0986122886681098,5.541969178493598
12605.0,5.902633333401366,0.6931471805599453,
12607.0,4.07753744390572,1.0986122886681098,3.5527136788004946e-15
12609.0,4.3694478524670215,1.3862943611198906,7.0280684444921455
12610.0,3.1780538303479458,2.0794415416798357,7.629970850289429
12611.0,3.970291913552122,0.6931471805599453,7.085332264745334
12612.0,4.07753744390572,1.0986122886681098,6.46861445576426
12613.0,3.4657359027997265,1.9459101490553132,8.077130427339041
12614.0,5.631211781821365,0.6931471805599453,5.757639147446912
12615.0,1.0986122886681098,1.6094379124341003,7.73726297143202
12616.0,4.454347296253507,1.791759469228055,6.489584798376419
12617.0,3.4011973816621555,0.6931471805599453,5.876418387786464
12618.0,3.1354942159291497,0.6931471805599453,5.183523608545955
12619.0,2.833213344056216,2.6390573296152584,8.0758345489516
12620.0,2.772588722239781,1.3862943611198906,7.20073081629489
12621.0,1.0986122886681098,3.1780538303479458,9.518785639642791
12622.0,5.4510384535657,0.6931471805599453,5.199049364889368
12623.0,5.6240175061873385,0.6931471805599453,5.723911845951367
12624.0,4.672828834461906,1.0986122886681098,6.464790775403018
12625.0,5.3612921657094255,1.3862943611198906,7.869141739949214
12626.0,3.1780538303479458,2.6390573296152584,8.762387820757855
12627.0,2.4849066497880004,2.0794415416798357,8.407273409191232
12628.0,1.6094379124341003,1.6094379124341003,6.647182409008974
12630.0,2.3978952727983707,1.0986122886681098,7.1482513998271635
12631.0,4.060443010546419,0.6931471805599453,6.463809184055691
12633.0,4.0943445622221,1.791759469228055,7.669322500326183
12635.0,4.51085950651685,1.0986122886681098,7.432590311121191
12637.0,4.219507705176107,2.3978952727983707,8.691860529273333
12638.0,3.5263605246161616,0.6931471805599453,6.511284599453549
12639.0,5.480638923341991,0.6931471805599453,6.188469440812497
12640.0,3.2188758248682006,1.3862943611198906,7.06951692181073
12641.0,4.7535901911063645,0.6931471805599453,5.230573714461517
12642.0,3.258096538021482,1.3862943611198906,6.9219145615400475
12643.0,4.859812404361672,1.9459101490553132,8.11541328460481
12644.0,4.875197323201151,0.6931471805599453,6.171512688316606
12645.0,3.5553480614894135,1.791759469228055,7.471010151694924
12646.0,1.791759469228055,1.0986122886681098,7.206355036031724
12647.0,3.1354942159291497,2.6390573296152584,8.208197590832244
12648.0,5.049856007249537,0.6931471805599453,5.765347830314356
12649.0,4.68213122712422,1.6094379124341003,6.404749004268278
12650.0,1.3862943611198906,0.6931471805599453,5.753968489569372
12651.0,5.817111159963204,0.6931471805599453,4.74493212836325
12652.0,5.777652323222656,1.0986122886681098,6.819503132556374
12653.0,5.0106352940962555,1.0986122886681098,7.701132335950876
12654.0,2.4849066497880004,1.791759469228055,6.401884028681278
12656.0,2.8903717578961645,2.1972245773362196,8.289971335110156
12657.0,2.4849066497880004,1.791759469228055,7.050174557076439
12658.0,2.995732273553991,0.6931471805599453,6.532407069777784
12659.0,3.4339872044851463,0.6931471805599453,4.529152699564175
12660.0,2.4849066497880004,0.6931471805599453,5.50573795739701
12662.0,0.6931471805599453,2.5649493574615367,8.247502957444906
12664.0,2.1972245773362196,2.3978952727983707,8.489797328334395
12665.0,5.786897381366708,1.0986122886681098,4.139158578011894
12666.0,5.886104031450156,0.6931471805599453,
12667.0,4.07753744390572,0.6931471805599453,6.431540399799522
12668.0,2.0794415416798357,1.9459101490553132,8.227957913364902
12669.0,5.0238805208462765,1.6094379124341003,7.383200326820626
12670.0,2.3978952727983707,1.9459101490553132,8.00207503456489
12672.0,5.802118375377063,0.6931471805599453,5.424509391785796
12673.0,1.791759469228055,1.0986122886681098,6.415947661051908
12674.0,2.5649493574615367,2.0794415416798357,7.5602419103221665
12676.0,3.258096538021482,1.9459101490553132,7.194729601037682
12678.0,3.7612001156935624,2.6390573296152584,9.775043767489073
12679.0,3.970291913552122,2.302585092994046,6.9657128178810295
12680.0,0.6931471805599453,1.6094379124341003,6.761352837213469
12681.0,2.772588722239781,3.332204510175204,9.523587115689008
12682.0,1.6094379124341003,3.4657359027997265,9.416477734313304
12683.0,1.6094379124341003,3.044522437723423,9.014579713639705
12684.0,2.1972245773362196,2.0794415416798357,7.733959364615189
12685.0,3.367295829986474,1.9459101490553132,7.960002460651312
12686.0,5.921578419643816,0.6931471805599453,4.501364017262502
12688.0,4.74493212836325,0.6931471805599453,8.491836408313453
12689.0,3.295836866004329,1.0986122886681098,7.1297862115656185
12690.0,5.332718793265369,0.6931471805599453,5.966172379820607
12691.0,3.367295829986474,1.9459101490553132,6.94389432559801
12693.0,4.804021044733257,1.9459101490553132,6.723784362742399
12694.0,4.2626798770413155,1.0986122886681098,6.769263030204804
12695.0,2.0794415416798357,1.6094379124341003,6.368358698228111
12697.0,3.091042453358316,1.791759469228055,6.84590115163345
12700.0,2.1972245773362196,1.9459101490553132,8.490641802370774
12701.0,4.394449154672439,1.0986122886681098,6.682997926190526
12702.0,3.044522437723423,0.6931471805599453,5.393627546352362
12703.0,4.174387269895637,1.0986122886681098,5.619313318029751
12704.0,2.0794415416798357,2.3978952727983707,7.706090960406212
12705.0,2.772588722239781,2.70805020110221,8.826916559944886
12707.0,5.680172609017068,0.6931471805599453,6.404269320519532
12708.0,3.4339872044851463,2.833213344056216,7.869906172471762
12709.0,1.3862943611198906,3.295836866004329,9.137242658569969
12710.0,4.584967478670572,1.6094379124341003,7.031361327941309
12712.0,3.1780538303479458,2.8903717578961645,8.352938638948874
12713.0,0.6931471805599453,0.6931471805599453,6.744706797531768
12714.0,2.302585092994046,1.791759469228055,8.45741346257719
12715.0,4.672828834461906,0.6931471805599453,5.871723345495433
12716.0,1.6094379124341003,1.0986122886681098,6.960812516706486
12717.0,5.0238805208462765,1.3862943611198906,6.8895709415482855
12718.0,4.276666119016055,0.6931471805599453,5.477509030333064
12719.0,1.791759469228055,1.3862943611198906,6.411982457842439
12720.0,1.3862943611198906,3.4011973816621555,8.65072358404026
12721.0,3.4965075614664802,2.0794415416798357,7.874731520580157
12722.0,4.454347296253507,1.9459101490553132,6.808299518118574
12723.0,1.6094379124341003,1.791759469228055,6.587646428909591
12724.0,1.791759469228055,1.6094379124341003,6.9396511539657
12725.0,5.918893854273146,0.6931471805599453,6.060990609756592
12726.0,3.367295829986474,2.0794415416798357,7.867143813759015
12727.0,2.4849066497880004,2.302585092994046,8.281141689801244
12728.0,4.276666119016055,1.6094379124341003,6.7302182580203365
12729.0,4.74493212836325,0.6931471805599453,6.118119224230488
12731.0,3.2188758248682006,2.70805020110221,9.84131476417808
12732.0,5.198497031265826,0.6931471805599453,5.469156586232957
12733.0,5.459585514144159,0.6931471805599453,5.953113455724059
12734.0,5.869296913133774,0.6931471805599453,4.713127327493184
12735.0,5.755742213586912,1.0986122886681098,6.660024422032584
12736.0,5.811140992976701,0.6931471805599453,5.459585514144159
12738.0,5.921578419643816,0.6931471805599453,5.05209708390385
12739.0,4.3694478524670215,1.0986122886681098,6.921697631104842
12740.0,4.174387269895637,0.6931471805599453,6.060524083039477
12743.0,4.90527477843843,1.0986122886681098,6.305234599635373
12744.0,3.970291913552122,2.3978952727983707,9.118377483735507
12747.0,1.0986122886681098,2.4849066497880004,8.342127645985029
12748.0,0.6931471805599453,5.41610040220442,10.277568627014258
12749.0,1.6094379124341003,2.1972245773362196,8.260803046308391
12750.0,4.867534450455582,0.6931471805599453,5.623584199327089
12752.0,4.406719247264253,0.6931471805599453,8.38201014985595
12753.0,1.6094379124341003,2.4849066497880004,9.953467960465293
12754.0,5.4680601411351315,1.791759469228055,7.989601126472641
12755.0,5.5254529391317835,1.6094379124341003,7.698119910257441
12756.0,4.477336814478207,0.6931471805599453,4.72809553282539
12757.0,2.833213344056216,2.995732273553991,8.34964989620001
12758.0,4.770684624465665,1.0986122886681098,7.934724759609325
12759.0,3.970291913552122,1.3862943611198906,7.334616515331031
12762.0,2.1972245773362196,1.0986122886681098,7.549356501658852
12763.0,4.9344739331306915,1.0986122886681098,6.204719365671822
12764.0,5.762051382780177,0.6931471805599453,7.435367220848186
12766.0,1.6094379124341003,2.0794415416798357,8.852325959921869
12769.0,5.480638923341991,0.6931471805599453,7.042810509975002
12770.0,5.356586274672012,0.6931471805599453,7.209673041460572
12772.0,4.110873864173311,0.6931471805599453,6.795112758210396
12775.0,2.8903717578961645,1.9459101490553132,7.209517755641922
12778.0,3.044522437723423,2.0794415416798357,6.691127950895724
12779.0,3.091042453358316,2.5649493574615367,8.2609322636392
12781.0,3.091042453358316,1.791759469228055,6.563460526103777
12782.0,1.791759469228055,1.9459101490553132,7.729436385606313
12783.0,1.0986122886681098,2.1972245773362196,7.380798035398956
12784.0,2.302585092994046,1.0986122886681098,6.355100208942306
12785.0,1.3862943611198906,1.0986122886681098,5.725902675740284
12787.0,2.3978952727983707,1.3862943611198906,6.141305955347142
12789.0,4.189654742026425,0.6931471805599453,4.530985287798715
12790.0,5.262690188904886,0.6931471805599453,5.786651952478496
12791.0,5.926926025970411,0.6931471805599453,5.265794174842477
12792.0,5.552959584921617,0.6931471805599453,5.995307154825432
12793.0,5.817111159963204,1.0986122886681098,6.303497710423594
12794.0,3.9889840465642745,1.0986122886681098,6.758570581561217
12795.0,2.995732273553991,0.6931471805599453,6.067221159507229
12797.0,5.8888779583328805,1.3862943611198906,5.273922209713315
12798.0,2.3978952727983707,1.3862943611198906,8.85052335403181
12802.0,5.220355825078324,1.0986122886681098,6.024850966125616
12808.0,3.6375861597263857,1.3862943611198906,6.183426980938617
12809.0,5.1298987149230735,1.0986122886681098,6.184890883634043
12811.0,5.568344503761097,1.3862943611198906,6.245816025546385
12812.0,3.828641396489095,0.6931471805599453,5.440858053330147
12814.0,4.634728988229636,0.6931471805599453,4.843556966714995
12815.0,5.003946305945459,1.0986122886681098,6.970222907300612
12816.0,4.574710978503383,1.0986122886681098,6.351234695954017
12817.0,5.641907070938114,0.6931471805599453,5.118233304694274
12818.0,5.187385805840755,1.0986122886681098,7.325728500133488
12820.0,1.3862943611198906,1.6094379124341003,6.849426769082011
12821.0,5.3706380281276624,0.6931471805599453,4.540311613639595
12822.0,4.276666119016055,1.3862943611198906,6.824351930676353
12823.0,4.330733340286331,1.791759469228055,7.473353138595107
12824.0,4.110873864173311,0.6931471805599453,5.986753467377863
12826.0,1.3862943611198906,2.1972245773362196,7.292418861060857
12827.0,1.9459101490553132,1.3862943611198906,6.066456057398334
12828.0,1.3862943611198906,1.9459101490553132,6.927273552128017
12829.0,5.777652323222656,1.3862943611198906,5.537531098039741
12830.0,3.6635616461296463,2.0794415416798357,8.817208891026835
12831.0,5.572154032177765,0.6931471805599453,5.3755098623779425
12832.0,3.4965075614664802,1.0986122886681098,5.950720674536128
12833.0,4.983606621708336,0.6931471805599453,6.0363901104609745
12834.0,5.648974238161206,0.6931471805599453,5.7474165116762626
12836.0,4.0943445622221,1.6094379124341003,7.868583334984023
12837.0,5.159055299214529,0.6931471805599453,4.906015244966153
12838.0,3.5553480614894135,1.0986122886681098,6.528147958043258
12839.0,1.3862943611198906,2.833213344056216,8.62777166979729
12840.0,4.976733742420574,1.9459101490553132,7.906646674937272
12841.0,1.791759469228055,3.295836866004329,8.262920104905108
12842.0,4.2626798770413155,1.0986122886681098,7.0210750356778515
12843.0,4.204692619390966,2.302585092994046,7.427596143075045
12844.0,3.4011973816621555,1.0986122886681098,5.789837839256022
12845.0,5.5909869805108565,1.6094379124341003,5.8723712784711255
12847.0,3.1354942159291497,0.6931471805599453,6.771408498297926
12849.0,3.4657359027997265,1.0986122886681098,6.958343825092948
12851.0,4.584967478670572,0.6931471805599453,4.9139775400548205
12852.0,5.673323267171493,1.0986122886681098,5.7062793548547885
12853.0,4.6913478822291435,2.302585092994046,7.540462195730666
12854.0,4.382026634673881,1.791759469228055,7.1625137696655985
12855.0,5.924255797414532,0.6931471805599453,3.66612246699132
12856.0,2.1972245773362196,2.1972245773362196,7.67956575472505
12857.0,5.356586274672012,1.0986122886681098,7.009770204388867
12863.0,3.970291913552122,1.0986122886681098,6.224954390476336
12864.0,4.9344739331306915,0.6931471805599453,4.998022756045412
12865.0,3.295836866004329,1.3862943611198906,7.3454100298412595
12866.0,5.648974238161206,0.6931471805599453,6.3281510464875765
12867.0,3.295836866004329,2.3978952727983707,8.290849525191863
12868.0,5.231108616854587,1.9459101490553132,7.3827837624756185
12870.0,5.905361848054571,0.6931471805599453,
12871.0,4.442651256490317,1.0986122886681098,5.9444777558836455
12872.0,5.793013608384144,1.0986122886681098,6.398545016483998
12873.0,5.645446897643238,0.6931471805599453,5.926926025970411
12875.0,4.969813299576001,1.0986122886681098,5.841310038608051
12876.0,4.07753744390572,1.0986122886681098,7.704820935960926
12877.0,1.6094379124341003,2.5649493574615367,7.337438090181038
12878.0,2.9444389791664403,1.3862943611198906,6.736539820528287
12879.0,3.828641396489095,1.6094379124341003,6.316388212083643
12881.0,5.6240175061873385,0.6931471805599453,5.700443573390687
12882.0,2.302585092994046,1.0986122886681098,7.288955016552379
12883.0,3.258096538021482,1.6094379124341003,6.5574457470395595
12884.0,4.48863636973214,0.6931471805599453,5.736733574795887
12885.0,4.1588830833596715,1.6094379124341003,7.055545775656713
12886.0,4.23410650459726,1.3862943611198906,7.209406822434692
12888.0,5.3706380281276624,1.6094379124341003,5.751842213399761
12890.0,3.2188758248682006,0.6931471805599453,5.944032210673093
12891.0,5.231108616854587,1.3862943611198906,5.805134968916488
12893.0,3.4657359027997265,0.6931471805599453,5.242487481587366
12895.0,3.7612001156935624,1.3862943611198906,5.853064177371955
12897.0,5.327876168789581,1.0986122886681098,5.382198850528739
12901.0,2.302585092994046,3.6109179126442243,9.698558358080183
12902.0,5.583496308781699,0.6931471805599453,4.939354092091292
12904.0,2.9444389791664403,1.0986122886681098,6.235547334435847
12906.0,2.5649493574615367,1.791759469228055,7.979616254055095
12908.0,4.0943445622221,1.6094379124341003,5.5093883366279774
12909.0,3.713572066704308,2.1972245773362196,7.663797443311735
12910.0,3.1780538303479458,2.1972245773362196,8.031398334442155
12912.0,1.3862943611198906,1.791759469228055,7.416558859796489
12913.0,1.791759469228055,1.791759469228055,7.817879034084852
12915.0,5.0106352940962555,1.0986122886681098,5.898937989430242
12916.0,4.941642422609304,1.791759469228055,8.000802109177366
12917.0,4.859812404361672,0.6931471805599453,6.38856140554563
12919.0,2.1972245773362196,2.1972245773362196,7.171994707307368
12920.0,2.8903717578961645,0.6931471805599453,5.1073384426629
12921.0,1.6094379124341003,3.9318256327243257,9.704471820200059
12922.0,5.087596335232384,0.6931471805599453,6.007288682454868
12923.0,4.174387269895637,0.6931471805599453,5.181614996761894
12924.0,4.48863636973214,1.791759469228055,6.836205570142061
12925.0,1.791759469228055,1.0986122886681098,6.5439837854231016
12928.0,3.58351893845611,1.791759469228055,7.632255767200078
12929.0,4.812184355372417,1.0986122886681098,4.664382045619937
12930.0,4.3694478524670215,1.6094379124341003,6.018349875889364
12931.0,3.1354942159291497,3.044522437723423,10.418219835362668
12933.0,3.2188758248682006,1.6094379124341003,6.408989969708513
12935.0,1.0986122886681098,2.1972245773362196,7.6766822477180074
12936.0,2.8903717578961645,1.791759469228055,6.921559559958534
12937.0,2.772588722239781,1.6094379124341003,7.316727563085719
12938.0,3.295836866004329,0.6931471805599453,4.7461487792476635
12939.0,4.174387269895637,2.1972245773362196,9.357276518099342
12940.0,3.8501476017100584,1.6094379124341003,6.776837610460004
12942.0,4.882801922586371,1.3862943611198906,6.529272842203859
12943.0,5.71042701737487,0.6931471805599453,
12944.0,3.6109179126442243,1.0986122886681098,6.406071078133402
12945.0,5.666426688112432,0.6931471805599453,6.139776787799188
12947.0,4.976733742420574,2.4849066497880004,7.250131481419013
12948.0,2.833213344056216,2.1972245773362196,7.627885130871969
12949.0,3.4657359027997265,2.3978952727983707,8.329421610182498
12950.0,1.0986122886681098,1.3862943611198906,7.519692404116539
12951.0,2.302585092994046,2.1972245773362196,6.949923566842682
12952.0,1.9459101490553132,1.791759469228055,7.2326175225582015
12953.0,2.3978952727983707,0.6931471805599453,5.801665100458068
12955.0,0.6931471805599453,2.70805020110221,8.462791914355538
12956.0,5.726847747587197,0.6931471805599453,4.691989877940651
12957.0,1.6094379124341003,2.5649493574615367,8.289047148479236
12962.0,2.0794415416798357,1.0986122886681098,5.588708266810736
12963.0,2.1972245773362196,2.302585092994046,7.518623503327578
12965.0,4.499809670330265,0.6931471805599453,6.65016261231351
12966.0,2.3978952727983707,0.6931471805599453,5.0825217528963655
12967.0,1.3862943611198906,1.6094379124341003,7.0865288825604065
12968.0,4.727387818712341,0.6931471805599453,4.919615895709087
12970.0,2.0794415416798357,1.6094379124341003,6.116421786512366
12971.0,1.6094379124341003,4.499809670330265,9.299381853574955
12974.0,5.293304824724492,0.6931471805599453,4.982235819574558
12976.0,5.3612921657094255,0.6931471805599453,6.60610949951297
12977.0,5.056245805348308,0.6931471805599453,3.6948615257914836
12980.0,5.056245805348308,2.5649493574615367,8.866872120210438
12981.0,3.4339872044851463,1.0986122886681098,5.922168058105325
12982.0,5.484796933490655,1.0986122886681098,5.935423156224357
12984.0,2.995732273553991,0.6931471805599453,4.590056548178043
12985.0,0.6931471805599453,1.3862943611198906,7.103831801008427
12987.0,4.31748811353631,1.3862943611198906,6.302618975744905
12988.0,5.680172609017068,0.6931471805599453,6.284730997853663
12989.0,1.3862943611198906,2.995732273553991,8.832807987478455
12990.0,3.4657359027997265,1.3862943611198906,6.017375928892483
12991.0,3.1780538303479458,1.0986122886681098,6.22408306878471
12993.0,3.1780538303479458,1.6094379124341003,6.030108170700187
12994.0,1.6094379124341003,1.791759469228055,6.805966156080103
12995.0,4.3694478524670215,1.0986122886681098,5.306880597208525
12997.0,3.1354942159291497,2.0794415416798357,7.089193112073969
12999.0,5.2832037287379885,1.3862943611198906,6.124420774356607
13000.0,4.68213122712422,1.3862943611198906,6.283854271159006
13001.0,1.6094379124341003,2.772588722239781,9.190027454504115
13002.0,5.765191102784844,0.6931471805599453,4.803611124661929
13003.0,4.672828834461906,1.3862943611198906,5.010968571886377
13004.0,2.5649493574615367,3.1354942159291497,8.633095348217354
13005.0,5.1647859739235145,1.3862943611198906,6.152626306066311
13006.0,4.04305126783455,0.6931471805599453,4.413646418429337
13008.0,5.780743515792329,1.0986122886681098,5.190008063041185
13011.0,5.921578419643816,0.6931471805599453,3.942552210462969
13012.0,2.302585092994046,2.4849066497880004,7.17978041885787
13013.0,0.6931471805599453,2.772588722239781,8.473865978120962
13014.0,1.3862943611198906,2.833213344056216,8.121608114660587
13015.0,3.9889840465642745,1.791759469228055,8.115903354718549
13016.0,4.30406509320417,1.3862943611198906,6.673158893621945
13017.0,2.0794415416798357,0.6931471805599453,5.3230099791384085
13018.0,2.833213344056216,3.4011973816621555,8.892027255970879
13021.0,1.6094379124341003,2.5649493574615367,7.857635513849847
13023.0,4.174387269895637,1.0986122886681098,6.537995095494749
13026.0,0.6931471805599453,2.1972245773362196,6.842843354804994
13027.0,4.74493212836325,1.9459101490553132,8.841158975945264
13028.0,3.1780538303479458,1.3862943611198906,6.4932696076528895
13029.0,3.4657359027997265,1.3862943611198906,7.129698109719828
13030.0,2.4849066497880004,1.0986122886681098,6.685211547739895
13032.0,3.6888794541139363,1.3862943611198906,6.905272198688331
13033.0,5.8805329864007,0.6931471805599453,5.255148871146658
13034.0,4.02535169073515,1.0986122886681098,6.467341519456512
13035.0,4.07753744390572,1.3862943611198906,6.788554989495828
13037.0,4.9344739331306915,1.3862943611198906,6.782271417936915
13038.0,4.394449154672439,1.3862943611198906,6.812851016782114
13040.0,2.302585092994046,1.0986122886681098,6.519132538569087
13043.0,5.541263545158426,1.0986122886681098,6.158185884109092
13044.0,5.676753802268282,0.6931471805599453,6.330558344434147
13045.0,4.605170185988092,0.6931471805599453,5.724499716244923
13046.0,3.4657359027997265,1.0986122886681098,6.446211761854101
13047.0,3.4965075614664802,2.9444389791664403,8.03271734297303
13048.0,2.70805020110221,1.791759469228055,7.499373483043054
13049.0,4.174387269895637,1.0986122886681098,6.488718490843878
13050.0,2.302585092994046,3.367295829986474,8.645693700340463
13052.0,5.3612921657094255,0.6931471805599453,5.8555016292920445
13055.0,4.174387269895637,1.6094379124341003,7.092540465214065
13058.0,3.258096538021482,1.3862943611198906,5.607271574275358
13059.0,5.5254529391317835,0.6931471805599453,5.2171073111224935
13060.0,5.541263545158426,0.6931471805599453,5.731819083350057
13061.0,4.290459441148391,0.6931471805599453,5.519899699795292
13062.0,5.2574953720277815,0.6931471805599453,5.85214500685857
13064.0,2.6390573296152584,1.6094379124341003,7.02152136861392
13065.0,5.924255797414532,0.6931471805599453,5.3320422359496575
13066.0,3.2188758248682006,1.3862943611198906,6.068194079966656
13067.0,4.418840607796598,0.6931471805599453,4.757547866408974
13068.0,2.3978952727983707,1.0986122886681098,5.84354441703136
13069.0,0.6931471805599453,3.332204510175204,8.221161692646191
13070.0,5.262690188904886,0.6931471805599453,5.437209365414655
13072.0,5.5909869805108565,0.6931471805599453,5.182625892051845
13075.0,4.875197323201151,0.6931471805599453,6.825036493805135
13077.0,0.6931471805599453,1.6094379124341003,6.5934143287736715
13078.0,0.6931471805599453,3.784189633918261,9.428132027410362
13079.0,1.6094379124341003,1.791759469228055,5.3986150878634005
13080.0,5.19295685089021,0.6931471805599453,4.078892457663179
13081.0,0.6931471805599453,3.091042453358316,10.238726171420916
13082.0,4.844187086458591,2.3978952727983707,8.187710868329903
13083.0,1.6094379124341003,1.0986122886681098,5.719491768361381
13085.0,5.0689042022202315,1.3862943611198906,5.610862768724507
13089.0,1.3862943611198906,4.77912349311153,10.957570984752657
13090.0,2.302585092994046,2.9444389791664403,9.06997309642386
13091.0,3.091042453358316,1.0986122886681098,5.770880218188696
13092.0,4.276666119016055,1.9459101490553132,6.133029211429164
13093.0,5.5909869805108565,2.6390573296152584,8.954476037122383
13094.0,3.091042453358316,2.833213344056216,7.444166774800035
13095.0,4.276666119016055,0.6931471805599453,4.32280727501391
13097.0,3.5263605246161616,2.70805020110221,8.681744454324704
13098.0,0.6931471805599453,3.7376696182833684,10.26325351435316
13099.0,4.605170185988092,0.6931471805599453,5.33926735287699
13101.0,5.459585514144159,0.6931471805599453,4.626833825624118
13102.0,0.6931471805599453,3.332204510175204,8.754206511255752
13103.0,3.713572066704308,0.6931471805599453,5.501013282593141
13104.0,1.3862943611198906,1.9459101490553132,7.0025926197429715
13106.0,4.867534450455582,1.0986122886681098,4.102643365036796
13107.0,3.8066624897703196,1.791759469228055,7.329795589627408
13108.0,5.924255797414532,0.6931471805599453,5.8609571490281995
13109.0,1.3862943611198906,1.791759469228055,6.6435813781099355
13110.0,3.4657359027997265,2.1972245773362196,7.281984245568086
13113.0,0.6931471805599453,3.713572066704308,9.260177606823355
13115.0,2.302585092994046,2.70805020110221,7.699221743810693
13116.0,4.770684624465665,1.0986122886681098,6.186599494002879
13117.0,3.1354942159291497,2.1972245773362196,6.893565072546089
13118.0,3.044522437723423,2.0794415416798357,7.026426808699636
13120.0,5.480638923341991,0.6931471805599453,3.4531571205928664
13121.0,5.598421958998375,1.0986122886681098,5.544122200405325
13122.0,4.553876891600541,1.0986122886681098,6.828051680471256
13124.0,4.51085950651685,1.3862943611198906,8.26031962543717
13126.0,1.791759469228055,2.3978952727983707,7.629144861728567
13127.0,4.3694478524670215,0.6931471805599453,5.561335263505108
13130.0,4.553876891600541,0.6931471805599453,4.174387269895637
13131.0,3.1780538303479458,1.6094379124341003,6.94726441207685
13132.0,5.572154032177765,0.6931471805599453,4.360547602996758
13133.0,5.616771097666572,1.0986122886681098,4.707726774313183
13134.0,4.30406509320417,2.0794415416798357,7.462576735311713
13135.0,5.288267030694535,0.6931471805599453,8.038189179973203
13136.0,3.9318256327243257,2.4849066497880004,7.8424280217114655
13137.0,2.4849066497880004,2.302585092994046,8.190376588763984
13138.0,3.1354942159291497,1.9459101490553132,6.870458314237744
13139.0,2.833213344056216,2.1972245773362196,8.528487173620933
13140.0,4.6913478822291435,1.3862943611198906,6.051430128275416
13141.0,4.454347296253507,1.9459101490553132,7.7777088356479265
13142.0,2.995732273553991,0.6931471805599453,5.7303919480814
13144.0,5.811140992976701,0.6931471805599453,4.718052343044764
13145.0,3.713572066704308,1.791759469228055,6.422873517187736
13146.0,3.295836866004329,0.6931471805599453,5.437687927995845
13147.0,2.3978952727983707,1.6094379124341003,6.57060281105606
13148.0,3.4011973816621555,2.8903717578961645,8.116560388890042
13149.0,2.70805020110221,1.6094379124341003,7.424797539358498
13151.0,5.318119993844216,1.0986122886681098,7.131994230126831
13153.0,1.9459101490553132,0.6931471805599453,6.188715766456242
13154.0,4.976733742420574,0.6931471805599453,
13155.0,3.5263605246161616,1.6094379124341003,6.880137391945464
13157.0,3.912023005428146,1.791759469228055,7.451572640668764
13158.0,4.564348191467836,1.6094379124341003,7.091792030654675
13159.0,2.302585092994046,1.791759469228055,7.2303821087812965
13160.0,3.1354942159291497,0.6931471805599453,4.530446639792155
13161.0,5.749392985908253,0.6931471805599453,4.7340030578310595
13162.0,4.812184355372417,1.791759469228055,7.406097305884416
13165.0,3.8501476017100584,1.0986122886681098,6.929986327823459
13166.0,5.645446897643238,1.0986122886681098,6.029963846258592
13167.0,2.995732273553991,1.6094379124341003,6.674977971699642
13168.0,3.6109179126442243,1.791759469228055,7.178652266773099
13169.0,4.174387269895637,1.0986122886681098,6.570714880987815
13170.0,3.332204510175204,0.6931471805599453,4.7622594012308666
13171.0,2.1972245773362196,1.791759469228055,6.058679171784174
13173.0,1.6094379124341003,1.0986122886681098,5.871131387648096
13174.0,2.833213344056216,1.3862943611198906,7.943793338250078
13176.0,3.8501476017100584,0.6931471805599453,6.202211578085641
13177.0,4.189654742026425,0.6931471805599453,5.6470357407703125
13178.0,3.295836866004329,2.4849066497880004,8.652854564021988
13182.0,3.828641396489095,0.6931471805599453,4.805495367221621
13183.0,2.1972245773362196,2.302585092994046,8.283691175973804
13184.0,2.772588722239781,2.5649493574615367,7.408403286067493
13185.0,5.594711379601839,0.6931471805599453,4.282206299391671
13186.0,3.713572066704308,1.791759469228055,7.339985647010425
13187.0,5.823045895483019,0.6931471805599453,5.4681445257603025
13188.0,2.4849066497880004,0.6931471805599453,4.750135956238277
13189.0,2.995732273553991,1.0986122886681098,5.567122383230129
13192.0,4.564348191467836,1.0986122886681098,6.81667016102037
13193.0,4.127134385045092,0.6931471805599453,4.778114580969449
13194.0,4.919980925828125,0.6931471805599453,4.122283930911342
13196.0,2.4849066497880004,1.6094379124341003,7.494863936311281
13198.0,2.3978952727983707,2.1972245773362196,8.127135772880663
13199.0,1.6094379124341003,3.6888794541139363,9.190643659070876
13200.0,2.995732273553991,1.6094379124341003,6.769745301020691
13203.0,2.3978952727983707,1.6094379124341003,6.769021807549381
13207.0,2.772588722239781,1.0986122886681098,5.526488259576272
13208.0,4.0943445622221,2.0794415416798357,7.095810367623852
13209.0,3.4339872044851463,2.4849066497880004,8.66925483358012
13210.0,4.553876891600541,0.6931471805599453,5.8706519268912345
13211.0,2.3978952727983707,1.3862943611198906,7.088759301542255
13212.0,2.302585092994046,1.6094379124341003,6.661317511864845
13213.0,4.060443010546419,1.9459101490553132,7.326090543510239
13216.0,5.594711379601839,0.6931471805599453,5.813354111085492
13217.0,4.812184355372417,1.791759469228055,4.902455994582567
13218.0,4.852030263919617,0.6931471805599453,4.153242203469586
13220.0,4.3694478524670215,1.6094379124341003,6.7096579362724444
13221.0,5.484796933490655,1.0986122886681098,6.743364009514037
13223.0,5.303304908059076,1.0986122886681098,5.101085197018328
13224.0,4.110873864173311,1.3862943611198906,7.674083216250105
13225.0,1.3862943611198906,2.1972245773362196,8.71342422797953
13226.0,5.6131281063880705,0.6931471805599453,4.693272634209637
13227.0,5.313205979041787,0.6931471805599453,5.5556690891919835
13228.0,4.406719247264253,0.6931471805599453,5.883322388488279
13229.0,5.424950017481403,0.6931471805599453,5.087287645617338
13230.0,1.6094379124341003,2.772588722239781,7.924582509632199
13232.0,2.6390573296152584,2.0794415416798357,7.214210036757201
13233.0,4.31748811353631,1.0986122886681098,6.407077986267962
13235.0,5.3612921657094255,1.0986122886681098,4.626638092603333
13236.0,3.258096538021482,1.3862943611198906,6.590671858558904
13238.0,2.4849066497880004,1.791759469228055,6.524780359909144
13239.0,5.572154032177765,0.6931471805599453,5.800788185931274
13240.0,4.574710978503383,1.6094379124341003,6.499260586313608
13242.0,4.727387818712341,1.3862943611198906,5.603593747400769
13243.0,5.318119993844216,0.6931471805599453,6.3987114002985646
13244.0,4.543294782270004,0.6931471805599453,4.810068296960951
13245.0,3.9512437185814275,0.6931471805599453,6.067267510523482
13246.0,2.9444389791664403,2.0794415416798357,7.561693746316801
13247.0,2.9444389791664403,1.6094379124341003,6.218839134950008
13248.0,4.836281906951478,1.0986122886681098,6.145643797955656
13249.0,4.532599493153256,1.3862943611198906,6.56865358837482
13253.0,5.062595033026967,1.0986122886681098,6.9386723816168585
13255.0,1.6094379124341003,1.3862943611198906,5.9703941164886905
13256.0,2.70805020110221,0.6931471805599453,0.0
13258.0,2.5649493574615367,1.3862943611198906,6.550480154971372
13259.0,4.143134726391533,0.6931471805599453,5.681264163225599
13260.0,4.127134385045092,0.6931471805599453,6.325469456665338
13261.0,5.598421958998375,1.0986122886681098,6.8512907420010105
13262.0,5.575949103146316,0.6931471805599453,5.3047466543129405
13263.0,0.6931471805599453,3.58351893845611,8.916649616826117
13265.0,3.9889840465642745,1.791759469228055,7.653807953637001
13266.0,2.4849066497880004,2.995732273553991,8.221121356457498
13267.0,1.3862943611198906,3.332204510175204,8.390595419874579
13268.0,2.9444389791664403,2.772588722239781,8.061057752733003
13269.0,0.6931471805599453,2.8903717578961645,8.578649467312529
13270.0,5.905361848054571,0.6931471805599453,6.3818160174060985
13271.0,3.6375861597263857,1.0986122886681098,5.188837265929216
13272.0,3.4657359027997265,1.0986122886681098,5.626037126031348
13273.0,4.736198448394496,0.6931471805599453,4.941499555261394
13276.0,4.174387269895637,1.0986122886681098,6.383388384649479
13277.0,2.833213344056216,1.6094379124341003,5.5583712718823435
13278.0,3.7376696182833684,0.6931471805599453,6.298452800117238
13279.0,4.174387269895637,1.0986122886681098,4.846546505563361
13280.0,4.812184355372417,1.3862943611198906,6.704242771617076
13282.0,2.9444389791664403,1.9459101490553132,6.955440070547548
13283.0,4.110873864173311,1.0986122886681098,4.5502915244781015
13284.0,5.780743515792329,1.0986122886681098,5.283964860323636
13285.0,3.1780538303479458,1.6094379124341003,7.904748193336201
13291.0,5.056245805348308,0.6931471805599453,5.8919480330707374
13292.0,3.6888794541139363,1.0986122886681098,6.362924649913461
13294.0,5.25227342804663,1.0986122886681098,6.773926699344786
13295.0,5.8888779583328805,1.0986122886681098,5.293053536872938
13296.0,4.927253685157205,0.6931471805599453,4.481871969643598
13297.0,2.1972245773362196,1.6094379124341003,7.645325960844005
13298.0,0.6931471805599453,0.6931471805599453,5.8888779583328805
13299.0,5.594711379601839,0.6931471805599453,4.966335035199676
13300.0,5.111987788356544,1.0986122886681098,5.903425369384816
13301.0,4.653960350157523,1.6094379124341003,6.428250657915328
13302.0,5.049856007249537,0.6931471805599453,4.1705337005796475
13304.0,5.863631175598097,0.6931471805599453,5.7085046409915305
13305.0,1.6094379124341003,2.3978952727983707,7.601832027360015
13307.0,4.795790545596741,0.6931471805599453,2.772588722239781
13308.0,3.1780538303479458,1.6094379124341003,7.221550905228515
13309.0,2.0794415416798357,1.791759469228055,7.2846768692730555
13310.0,2.302585092994046,1.9459101490553132,6.988994193991239
13311.0,1.6094379124341003,1.0986122886681098,6.396212731621162
13313.0,3.1354942159291497,1.791759469228055,7.35007933912113
13314.0,1.0986122886681098,1.6094379124341003,6.362441724757473
13316.0,3.6375861597263857,1.791759469228055,8.668452266008373
13317.0,4.174387269895637,2.302585092994046,7.669060983057548
13318.0,0.6931471805599453,1.3862943611198906,6.464214402021743
13319.0,1.791759469228055,3.6109179126442243,9.274754510378543
13320.0,4.2626798770413155,1.9459101490553132,7.308341839639194
13321.0,4.290459441148391,1.0986122886681098,6.342755020769874
13322.0,2.8903717578961645,0.6931471805599453,5.300714491147758
13323.0,1.3862943611198906,1.791759469228055,6.670576188703463
13324.0,3.4965075614664802,2.5649493574615367,8.864153096818393
13325.0,4.418840607796598,0.6931471805599453,6.516636764580894
13327.0,3.6888794541139363,2.302585092994046,8.193834199151542
13328.0,5.75890177387728,0.6931471805599453,7.17738539082617
13329.0,3.4965075614664802,1.6094379124341003,6.608540290716632
13330.0,4.543294782270004,1.3862943611198906,7.040475092365302
13332.0,2.70805020110221,0.6931471805599453,5.863347044327539
13334.0,4.418840607796598,1.3862943611198906,8.17126599722425
13336.0,4.356708826689592,0.6931471805599453,6.679749928251019
13338.0,5.043425116919247,1.3862943611198906,6.070321937185477
13339.0,5.308267697401205,0.6931471805599453,6.758233867538541
13340.0,3.828641396489095,2.0794415416798357,9.28149570365981
13341.0,5.568344503761097,0.6931471805599453,6.65524728153801
13343.0,5.159055299214529,1.0986122886681098,5.720082242069654
13344.0,4.23410650459726,1.3862943611198906,7.841775903285653
13345.0,5.627621113690637,1.0986122886681098,5.936480238775222
13347.0,4.2626798770413155,0.6931471805599453,5.835862815013409
13348.0,4.174387269895637,0.6931471805599453,5.458563715690134
13349.0,2.4849066497880004,0.6931471805599453,5.514718236994854
13350.0,2.833213344056216,1.3862943611198906,6.815332925390937
13351.0,4.204692619390966,0.6931471805599453,5.926766013169045
13352.0,2.1972245773362196,1.0986122886681098,5.966864430239749
13354.0,4.276666119016055,0.6931471805599453,6.612753146812557
13355.0,4.812184355372417,0.6931471805599453,6.515749190558129
13356.0,4.394449154672439,0.6931471805599453,6.645403014442647
13357.0,5.552959584921617,0.6931471805599453,6.415015122762531
13358.0,5.598421958998375,0.6931471805599453,6.086842906406214
13359.0,4.0943445622221,1.0986122886681098,6.069027259055773
13362.0,1.3862943611198906,1.791759469228055,8.03478980191294
13363.0,2.9444389791664403,1.0986122886681098,6.901234061991872
13364.0,4.219507705176107,1.0986122886681098,0.0
13365.0,2.302585092994046,1.3862943611198906,7.692670007995184
13366.0,3.9318256327243257,0.6931471805599453,4.045854353061666
13368.0,5.552959584921617,1.0986122886681098,6.436791188641277
13369.0,5.872117789475416,1.0986122886681098,5.578785984481516
13370.0,5.905361848054571,1.0986122886681098,6.582468253999224
13372.0,4.51085950651685,0.6931471805599453,5.939223435262291
13373.0,4.127134385045092,1.3862943611198906,8.105684859760789
13375.0,4.406719247264253,1.0986122886681098,6.651442666276413
13376.0,4.605170185988092,1.3862943611198906,6.928302726869797
13379.0,3.295836866004329,1.3862943611198906,6.351862551846838
13381.0,3.091042453358316,2.0794415416798357,8.196384439411608
13382.0,5.641907070938114,0.6931471805599453,5.411601408001375
13384.0,3.4657359027997265,2.302585092994046,8.324404242115774
13385.0,5.802118375377063,0.6931471805599453,6.283331600299074
13388.0,4.804021044733257,1.3862943611198906,6.442778991450427
13389.0,2.4849066497880004,1.3862943611198906,6.683310881934879
13390.0,4.330733340286331,0.6931471805599453,6.30093257288162
13391.0,5.3230099791384085,0.6931471805599453,4.107589788972121
13394.0,1.0986122886681098,2.3978952727983707,7.746646473594788
13395.0,5.225746673713202,0.6931471805599453,5.7324347172293635
13396.0,3.1354942159291497,1.6094379124341003,7.190140849699584
13397.0,4.30406509320417,1.9459101490553132,7.3396545716942585
13398.0,5.262690188904886,0.6931471805599453,6.127611266781323
13402.0,4.852030263919617,1.0986122886681098,6.433309799308897
13403.0,2.9444389791664403,0.6931471805599453,4.330733340286331
13404.0,0.6931471805599453,1.0986122886681098,5.5353243745214
13405.0,4.31748811353631,1.3862943611198906,6.351672492640208
13408.0,1.0986122886681098,4.406719247264253,10.22151974027228
13410.0,2.302585092994046,2.0794415416798357,6.897614029905244
13411.0,4.68213122712422,0.6931471805599453,5.368542811437534
13414.0,4.90527477843843,1.3862943611198906,7.238137580965946
13416.0,3.8066624897703196,1.0986122886681098,6.570182436916891
13417.0,1.791759469228055,1.0986122886681098,6.4643234711171225
13418.0,2.5649493574615367,3.1780538303479458,8.673588207977469
13419.0,4.174387269895637,0.6931471805599453,5.40294761562612
13420.0,4.912654885736052,1.6094379124341003,4.9512390841395995
13421.0,3.713572066704308,1.3862943611198906,7.5229301072031225
13422.0,3.9512437185814275,1.0986122886681098,7.86424701260044
13425.0,4.6913478822291435,1.3862943611198906,7.393392317183492
13426.0,0.6931471805599453,2.5649493574615367,8.1751816410857
13427.0,2.995732273553991,1.3862943611198906,6.369215816648631
13428.0,2.3978952727983707,0.6931471805599453,5.391215548914767
13429.0,2.4849066497880004,1.6094379124341003,6.915525016246498
13430.0,2.995732273553991,1.6094379124341003,6.476495326048776
13431.0,4.219507705176107,1.0986122886681098,7.146850916510274
13434.0,4.31748811353631,1.0986122886681098,6.282715244436788
13435.0,1.791759469228055,2.302585092994046,8.241568798754367
13436.0,1.0986122886681098,0.6931471805599453,5.287711320760812
13437.0,2.70805020110221,2.0794415416798357,8.134191872452362
13439.0,5.545177444479562,0.6931471805599453,5.651471118359793
13441.0,4.532599493153256,0.6931471805599453,5.69588470252906
13447.0,3.1780538303479458,1.6094379124341003,7.0078087370891105
13448.0,2.8903717578961645,2.3978952727983707,8.150949757999353
13449.0,3.2188758248682006,0.6931471805599453,5.679762968811981
13450.0,3.332204510175204,1.9459101490553132,7.623016139787193
13451.0,3.295836866004329,1.9459101490553132,7.978465226053272
13452.0,5.560681631015528,1.0986122886681098,6.3818160174060985
13453.0,5.117993812416755,1.0986122886681098,5.880477118918353
13455.0,3.258096538021482,1.6094379124341003,6.916070610585851
13456.0,2.9444389791664403,2.0794415416798357,7.460962001233903
13458.0,2.0794415416798357,3.1354942159291497,9.163135550486704
13460.0,3.4011973816621555,1.0986122886681098,5.217324207338505
13461.0,3.6888794541139363,1.3862943611198906,7.27655640271871
13462.0,5.214935757608986,1.0986122886681098,4.971547905388209
13464.0,4.07753744390572,0.6931471805599453,6.515719591185634
13466.0,4.61512051684126,1.0986122886681098,5.7002763353269135
13467.0,2.4849066497880004,1.0986122886681098,6.989067949142608
13468.0,1.0986122886681098,3.7376696182833684,8.640781565660856
13470.0,4.605170185988092,1.0986122886681098,5.111987788356544
13471.0,0.6931471805599453,1.6094379124341003,7.836993824962504
13473.0,4.127134385045092,1.3862943611198906,6.036772464812524
13474.0,5.4680601411351315,0.6931471805599453,5.440641241760233
13475.0,5.2574953720277815,1.6094379124341003,7.2673718919667785
13476.0,5.19295685089021,1.6094379124341003,6.997385723218928
13477.0,3.6635616461296463,2.1972245773362196,7.2741537953930315
13479.0,5.293304824724492,1.3862943611198906,5.676753802268282
13481.0,3.8501476017100584,2.1972245773362196,7.483137548721443
13482.0,5.4510384535657,0.6931471805599453,5.223809314372975
13483.0,4.204692619390966,0.6931471805599453,4.951168335262708
13484.0,5.488937726156687,0.6931471805599453,5.751937516543248
13485.0,5.455321115357702,0.6931471805599453,6.120824752413689
13486.0,4.3694478524670215,1.3862943611198906,7.024123981607583
13487.0,4.07753744390572,1.3862943611198906,6.356801864125367
13488.0,2.8903717578961645,2.8903717578961645,9.095110199988689
13489.0,4.663439094112067,1.6094379124341003,6.110402471179496
13491.0,3.970291913552122,2.3978952727983707,7.103996177364903
13492.0,4.919980925828125,1.3862943611198906,7.147433378135437
13493.0,5.62040086571715,1.0986122886681098,6.429122525704993
13494.0,5.746203190540153,0.6931471805599453,5.759721626980309
13495.0,2.1972245773362196,1.9459101490553132,7.596452573468452
13496.0,2.4849066497880004,1.3862943611198906,6.427992180667964
13497.0,5.648974238161206,1.3862943611198906,5.7747068129929
13499.0,2.9444389791664403,2.0794415416798357,7.045741733066898
13500.0,3.1780538303479458,1.6094379124341003,7.036825485296414
13501.0,5.497168225293202,1.0986122886681098,7.1789039244741994
13502.0,2.8903717578961645,1.3862943611198906,5.680172609017068
13503.0,4.276666119016055,0.6931471805599453,5.383806752563451
13504.0,4.174387269895637,0.6931471805599453,5.693496420787701
13505.0,4.23410650459726,2.1972245773362196,8.362614419970836
13506.0,5.746203190540153,1.3862943611198906,6.117700643653124
13507.0,1.3862943611198906,1.6094379124341003,7.816078353206984
13508.0,5.501258210544727,0.6931471805599453,4.718230978272105
13509.0,2.302585092994046,2.0794415416798357,6.888286995786739
13510.0,0.6931471805599453,1.791759469228055,7.487823343090182
13512.0,5.568344503761097,0.6931471805599453,5.530262073815315
13513.0,4.852030263919617,0.6931471805599453,5.328361487896413
13514.0,4.31748811353631,0.6931471805599453,5.031744257306491
13515.0,4.30406509320417,1.6094379124341003,6.793600652679757
13516.0,3.091042453358316,1.3862943611198906,7.2373539466601775
13517.0,4.110873864173311,1.791759469228055,7.654476401275272
13518.0,4.465908118654584,0.6931471805599453,6.492906279563631
13519.0,3.9318256327243257,1.0986122886681098,4.716711560720999
13520.0,4.0943445622221,2.1972245773362196,8.157298784850532
13521.0,0.6931471805599453,1.3862943611198906,6.998189956453345
13522.0,3.4339872044851463,0.6931471805599453,4.842611042003125
13523.0,3.5263605246161616,1.9459101490553132,8.231211006669666
13524.0,3.7376696182833684,1.791759469228055,6.523826588404497
13525.0,2.772588722239781,1.0986122886681098,6.445370552049637
13527.0,3.5553480614894135,2.1972245773362196,7.725224072038048
13529.0,4.382026634673881,1.0986122886681098,5.732564276081653
13531.0,5.327876168789581,1.0986122886681098,6.1837364347551045
13532.0,3.5553480614894135,0.6931471805599453,5.353326249578836
13533.0,5.214935757608986,1.3862943611198906,5.605029709281564
13534.0,1.0986122886681098,3.784189633918261,8.63303300690936
13536.0,0.6931471805599453,2.0794415416798357,8.145923691744827
13538.0,3.784189633918261,2.0794415416798357,7.156059625954846
13539.0,4.465908118654584,1.6094379124341003,6.408265164879892
13544.0,3.713572066704308,1.0986122886681098,5.678156927017229
13546.0,2.5649493574615367,1.3862943611198906,6.442524242774538
13548.0,4.574710978503383,1.0986122886681098,6.527094972292893
13549.0,3.295836866004329,2.1972245773362196,6.821238325199753
13551.0,5.768320995793772,0.6931471805599453,4.530446639792155
13552.0,4.204692619390966,2.833213344056216,8.172031712435396
13555.0,4.31748811353631,1.6094379124341003,8.330931080828272
13557.0,3.367295829986474,1.0986122886681098,6.371714406075083
13558.0,1.9459101490553132,1.6094379124341003,6.406978991069148
13560.0,2.0794415416798357,0.6931471805599453,5.166898027681201
13561.0,5.37989735354046,0.6931471805599453,4.961865129726826
13562.0,4.418840607796598,1.3862943611198906,7.495725260414088
13563.0,4.442651256490317,1.0986122886681098,6.657407526177046
13564.0,4.976733742420574,1.791759469228055,6.475032020103109
13565.0,2.995732273553991,1.0986122886681098,5.485709380155097
13566.0,3.7376696182833684,1.0986122886681098,6.775034985898857
13568.0,5.159055299214529,0.6931471805599453,5.267084664116938
13569.0,2.8903717578961645,1.0986122886681098,5.926259136982707
13570.0,5.497168225293202,0.6931471805599453,5.482678508639762
13571.0,2.6390573296152584,2.5649493574615367,7.646506601347098
13572.0,5.332718793265369,0.6931471805599453,7.233635907747459
13573.0,3.9318256327243257,1.0986122886681098,5.68833037009728
13575.0,3.1780538303479458,1.791759469228055,6.597241195280628
13576.0,2.3978952727983707,3.044522437723423,8.810504390564036
13577.0,3.258096538021482,1.791759469228055,7.414151105668742
13579.0,2.772588722239781,1.0986122886681098,6.148553762350757
13581.0,5.736572297479192,0.6931471805599453,4.77912349311153
13583.0,5.056245805348308,0.6931471805599453,6.661893102980819
13584.0,5.730099782973574,0.6931471805599453,4.96563792816552
13587.0,3.4965075614664802,1.3862943611198906,5.8522024797744745
13588.0,2.833213344056216,2.6390573296152584,7.802258374733019
13589.0,2.772588722239781,1.0986122886681098,5.941880317752221
13590.0,2.4849066497880004,2.0794415416798357,7.58939651935588
13591.0,4.189654742026425,1.3862943611198906,7.019412926024925
13592.0,3.6109179126442243,1.6094379124341003,5.5172922409900265
13593.0,4.6913478822291435,1.9459101490553132,7.59653292702414
13594.0,3.9889840465642745,0.6931471805599453,5.986376625559036
13596.0,1.9459101490553132,1.0986122886681098,6.54827640771067
13598.0,3.871201010907891,1.0986122886681098,5.126460859601846
13599.0,0.6931471805599453,3.5263605246161616,8.523493303964717
13600.0,5.746203190540153,0.6931471805599453,5.395988393721483
13601.0,3.828641396489095,1.0986122886681098,6.54293294933599
13602.0,4.189654742026425,0.6931471805599453,6.063529362008149
13603.0,3.295836866004329,0.6931471805599453,5.108003959824529
13606.0,3.4011973816621555,1.3862943611198906,5.640274533399819
13607.0,3.713572066704308,0.6931471805599453,6.520635854990748
13610.0,2.5649493574615367,2.302585092994046,7.017891373389976
13611.0,4.499809670330265,1.6094379124341003,7.0554853910064725
13614.0,3.2188758248682006,1.6094379124341003,7.384895879352644
13615.0,5.749392985908253,1.0986122886681098,5.99393648933976
13617.0,3.713572066704308,1.3862943611198906,6.301116015363744
13618.0,5.1647859739235145,0.6931471805599453,5.183691840706733
13621.0,4.770684624465665,0.6931471805599453,5.3699401102210045
13623.0,3.4657359027997265,2.0794415416798357,6.512398905022261
13626.0,5.537334267018537,0.6931471805599453,5.5538506606638975
13627.0,4.0943445622221,2.0794415416798357,7.393275402380406
13629.0,3.1780538303479458,2.4849066497880004,8.961027368080067
13630.0,1.791759469228055,2.4849066497880004,7.599241080215416
13631.0,4.61512051684126,2.5649493574615367,8.013928908524072
13632.0,3.258096538021482,1.9459101490553132,7.658236968987401
13634.0,3.5263605246161616,1.791759469228055,7.362746788107369
13635.0,4.23410650459726,0.6931471805599453,6.977309326313799
13636.0,3.6375861597263857,1.9459101490553132,6.8486632321724485
13637.0,3.970291913552122,1.3862943611198906,6.698884386954646
13638.0,2.833213344056216,0.6931471805599453,4.817374117263916
13639.0,4.31748811353631,0.6931471805599453,6.941518821134943
13642.0,5.37989735354046,0.6931471805599453,5.874368775231734
13643.0,3.4657359027997265,1.3862943611198906,6.254674607635275
13644.0,2.302585092994046,1.791759469228055,7.862697331167
13645.0,4.795790545596741,0.6931471805599453,5.533784667551078
13647.0,2.3978952727983707,1.791759469228055,7.421309177619286
13649.0,5.552959584921617,1.0986122886681098,5.851052393391237
13650.0,2.8903717578961645,2.0794415416798357,7.501269951923018
13651.0,3.58351893845611,1.0986122886681098,4.55597994179732
13652.0,3.8501476017100584,1.3862943611198906,6.999495457544853
13654.0,3.784189633918261,1.9459101490553132,7.90408748775984
13655.0,4.74493212836325,1.0986122886681098,6.83944431779864
13656.0,5.111987788356544,1.0986122886681098,5.941880317752221
13657.0,2.4849066497880004,1.0986122886681098,5.948400457636955
13658.0,2.3978952727983707,2.0794415416798357,7.792542959787311
13659.0,5.288267030694535,1.3862943611198906,7.347203046587765
13662.0,4.465908118654584,2.0794415416798357,6.78001281243118
13663.0,5.19295685089021,0.6931471805599453,5.249494701850468
13666.0,4.110873864173311,1.3862943611198906,4.450269224770129
13667.0,5.0106352940962555,0.6931471805599453,5.723650459293667
13668.0,1.3862943611198906,3.4011973816621555,8.735054013655846
13669.0,3.9512437185814275,1.0986122886681098,5.391579997007726
13670.0,4.330733340286331,0.6931471805599453,5.859931157146132
13672.0,5.71042701737487,1.9459101490553132,
13673.0,2.995732273553991,1.0986122886681098,5.986250980055095
13675.0,5.0238805208462765,1.0986122886681098,6.189946485351331
13678.0,5.030437921392435,0.6931471805599453,5.453610250954072
13680.0,0.6931471805599453,1.791759469228055,7.697716054106419
13681.0,2.9444389791664403,1.6094379124341003,6.720015067761323
13682.0,5.236441962829949,0.6931471805599453,4.102643365036796
13684.0,5.659482215759621,1.0986122886681098,4.177919485808005
13685.0,1.3862943611198906,2.0794415416798357,8.045729296501372
13686.0,5.214935757608986,0.6931471805599453,4.290459441148391
13689.0,4.1588830833596715,0.6931471805599453,6.814542897259958
13690.0,4.0943445622221,0.6931471805599453,5.1547356380700124
13692.0,3.258096538021482,1.791759469228055,7.291567649394849
13693.0,5.786897381366708,1.0986122886681098,
13694.0,1.6094379124341003,4.110873864173311,11.04538440111987
13695.0,3.4657359027997265,2.772588722239781,7.826095908379989
13697.0,3.6888794541139363,0.6931471805599453,5.025852259901116
13699.0,5.049856007249537,0.6931471805599453,5.735216540145732
13700.0,3.295836866004329,2.3978952727983707,7.725824396937778
13703.0,5.765191102784844,0.6931471805599453,4.61015772749913
13704.0,1.791759469228055,2.3978952727983707,7.7390587657470284
13705.0,2.1972245773362196,1.3862943611198906,6.569285047698251
13706.0,5.717027701406222,0.6931471805599453,5.8045022386644325
13707.0,5.5909869805108565,1.0986122886681098,6.693831593776871
13708.0,5.605802066295998,0.6931471805599453,5.696690720842445
13709.0,1.6094379124341003,2.8903717578961645,8.74035434257557
13710.0,3.4965075614664802,0.6931471805599453,5.201145454795763
13711.0,5.393627546352362,1.0986122886681098,5.5336266147611175
13712.0,5.5134287461649825,0.6931471805599453,5.437383414671034
13715.0,5.641907070938114,2.1972245773362196,6.9612391722549765
13716.0,5.598421958998375,0.6931471805599453,4.936486295459933
13717.0,3.4965075614664802,2.0794415416798357,7.267706848913986
13718.0,5.5093883366279774,1.0986122886681098,5.728637675654378
13719.0,2.772588722239781,1.791759469228055,6.949549600639115
13720.0,4.770684624465665,1.6094379124341003,6.685736095329637
13721.0,3.6109179126442243,0.6931471805599453,6.263664893709055
13722.0,4.795790545596741,1.6094379124341003,7.770712742398966
13723.0,5.384495062789089,0.6931471805599453,5.302558360805292
13725.0,3.9318256327243257,2.4849066497880004,7.501529537967584
13726.0,3.6888794541139363,1.0986122886681098,6.985327244577021
13727.0,3.4011973816621555,1.0986122886681098,5.81257708704831
13728.0,3.6375861597263857,1.9459101490553132,6.924750046357999
13730.0,4.919980925828125,1.0986122886681098,6.624861723262153
13731.0,5.393627546352362,1.0986122886681098,6.416062123365316
13732.0,3.367295829986474,0.6931471805599453,6.200225158054739
13735.0,3.258096538021482,2.1972245773362196,7.925584030074435
13736.0,1.791759469228055,1.3862943611198906,6.586171654854675
13737.0,5.303304908059076,0.6931471805599453,5.830708768228588
13739.0,2.9444389791664403,0.6931471805599453,5.384036241950574
13740.0,5.488937726156687,0.6931471805599453,5.862920695994498
13741.0,4.290459441148391,1.6094379124341003,6.503284676189586
13742.0,2.8903717578961645,2.70805020110221,8.04026000817331
13743.0,1.3862943611198906,2.1972245773362196,7.201282733849436
13744.0,4.564348191467836,1.0986122886681098,7.053896828321335
13745.0,5.0238805208462765,1.0986122886681098,5.678601409458943
13747.0,5.926926025970411,0.6931471805599453,4.389498649512583
13748.0,4.574710978503383,1.791759469228055,6.855672199111912
13750.0,4.007333185232471,1.791759469228055,7.407475465015805
13751.0,5.666426688112432,0.6931471805599453,5.694573535570891
13752.0,4.8283137373023015,1.9459101490553132,7.0794202555875625
13753.0,5.666426688112432,0.6931471805599453,6.609699586102796
13754.0,5.030437921392435,1.0986122886681098,5.647564794657972
13755.0,1.6094379124341003,2.3978952727983707,7.675861498007538
13756.0,1.0986122886681098,2.772588722239781,8.545998311652587
13758.0,2.5649493574615367,2.0794415416798357,8.068261971187837
13759.0,3.5263605246161616,1.0986122886681098,6.492860854269306
13760.0,4.007333185232471,1.0986122886681098,5.662231047497966
13761.0,3.9318256327243257,1.0986122886681098,6.976954795783142
13762.0,5.3230099791384085,1.0986122886681098,3.5527136788004946e-15
13763.0,4.1588830833596715,1.3862943611198906,7.432755960229431
13764.0,4.276666119016055,1.3862943611198906,7.328279756761194
13767.0,1.0986122886681098,3.970291913552122,9.73782899367371
13769.0,1.0986122886681098,2.833213344056216,7.927638163882155
13771.0,4.174387269895637,1.791759469228055,7.875765214531604
13772.0,3.5553480614894135,1.3862943611198906,7.032738994075221
13774.0,4.418840607796598,0.6931471805599453,5.846438775057725
13777.0,0.6931471805599453,3.7376696182833684,10.156164663054833
13778.0,4.6443908991413725,0.6931471805599453,5.191288793789513
13780.0,2.0794415416798357,1.0986122886681098,5.888905658780245
13781.0,5.529429087511423,0.6931471805599453,4.858571324462998
13782.0,2.6390573296152584,1.9459101490553132,6.816735880594968
13784.0,2.3978952727983707,2.4849066497880004,7.809456093748633
13786.0,5.908082938168931,0.6931471805599453,5.444147814759576
13787.0,4.343805421853684,1.0986122886681098,5.736701321413311
13790.0,1.6094379124341003,0.6931471805599453,5.857361562584502
13791.0,3.784189633918261,1.3862943611198906,6.955287509427453
13792.0,4.204692619390966,1.0986122886681098,5.280916851867869
13798.0,0.6931471805599453,4.1588830833596715,10.501016055711263
13799.0,4.770684624465665,1.0986122886681098,6.5364886784538845
13800.0,5.739792912179234,0.6931471805599453,6.32672176017265
13801.0,4.219507705176107,0.6931471805599453,5.786283696167945
13802.0,4.9344739331306915,1.9459101490553132,8.270594199398818
13803.0,5.545177444479562,0.6931471805599453,5.627872880555851
13804.0,3.4657359027997265,2.0794415416798357,7.8773175472322325
13805.0,3.970291913552122,1.0986122886681098,6.830442175879467
13806.0,4.174387269895637,0.6931471805599453,5.550553592065519
13807.0,5.908082938168931,0.6931471805599453,4.732683506287051
13808.0,1.9459101490553132,1.791759469228055,7.466605059322925
13809.0,5.723585101952381,0.6931471805599453,5.0501764687167885
13810.0,3.4011973816621555,1.6094379124341003,6.80296126949605
13811.0,5.220355825078324,1.6094379124341003,6.384772724945515
13812.0,3.7612001156935624,1.3862943611198906,6.29156913955832
13813.0,3.713572066704308,1.791759469228055,7.211121214134847
13814.0,4.04305126783455,1.3862943611198906,7.354439102906256
13815.0,3.1354942159291497,1.791759469228055,8.298019250761884
13816.0,3.2188758248682006,1.6094379124341003,6.320840234108892
13817.0,3.4011973816621555,1.0986122886681098,5.950590467898009
13819.0,5.713732805509369,1.3862943611198906,7.039967051290641
13821.0,4.983606621708336,1.0986122886681098,5.957494027536828
13822.0,1.9459101490553132,1.0986122886681098,6.450470422144176
13823.0,2.995732273553991,1.0986122886681098,6.865536476045727
13824.0,3.5263605246161616,1.791759469228055,7.438348235303808
13826.0,5.0689042022202315,1.0986122886681098,5.168493378711836
13827.0,4.07753744390572,1.3862943611198906,6.023568651008515
13828.0,3.1354942159291497,0.6931471805599453,5.349438146055751
13829.0,5.886104031450156,0.6931471805599453,
13831.0,2.833213344056216,1.9459101490553132,7.69802463305743
13832.0,2.9444389791664403,1.0986122886681098,3.736478432913215
13833.0,5.075173815233827,0.6931471805599453,5.955319100471629
13835.0,3.258096538021482,1.6094379124341003,6.728114126692287
13837.0,5.3612921657094255,1.0986122886681098,5.606684030192651
13838.0,1.9459101490553132,1.6094379124341003,6.540640312882445
13841.0,5.537334267018537,0.6931471805599453,4.454347296253507
13842.0,4.0943445622221,2.302585092994046,8.127587652841866
13844.0,2.4849066497880004,0.6931471805599453,5.893355453997663
13845.0,4.189654742026425,0.6931471805599453,5.749329289612172
13846.0,3.258096538021482,1.6094379124341003,6.743599716813805
13848.0,4.532599493153256,1.3862943611198906,7.135687347028144
13849.0,3.970291913552122,1.0986122886681098,7.338855644682132
13850.0,4.48863636973214,1.0986122886681098,7.370110987293602
13851.0,4.574710978503383,1.3862943611198906,7.883242790261331
13853.0,2.302585092994046,1.0986122886681098,6.964078900035081
13854.0,2.302585092994046,3.4011973816621555,8.990444042725079
13856.0,5.135798437050262,1.791759469228055,5.898252165385803
13858.0,4.060443010546419,0.6931471805599453,5.38068045697316
13859.0,5.7899601708972535,0.6931471805599453,5.309059463079938
13860.0,0.6931471805599453,1.9459101490553132,7.123672785204607
13862.0,2.9444389791664403,2.3978952727983707,7.690884835407219
13863.0,5.5053315359323625,1.0986122886681098,5.705647401265714
13865.0,4.07753744390572,1.6094379124341003,6.219715035790337
13866.0,4.31748811353631,0.6931471805599453,4.988185165258664
13867.0,3.4657359027997265,1.3862943611198906,6.923914020481024
13868.0,2.0794415416798357,1.0986122886681098,8.068885298365506
13869.0,4.820281565605037,1.6094379124341003,8.04107490570398
13870.0,1.0986122886681098,2.3978952727983707,7.920174037950512
13871.0,3.1780538303479458,2.70805020110221,8.762614735153416
13873.0,4.795790545596741,1.6094379124341003,5.947251392431657
13874.0,5.883322388488279,0.6931471805599453,6.294250726074389
13875.0,4.007333185232471,1.791759469228055,7.488735499171278
13876.0,4.174387269895637,0.6931471805599453,4.8178592793984425
13877.0,4.465908118654584,0.6931471805599453,4.772716457199891
13878.0,4.02535169073515,0.6931471805599453,7.156589968584206
13880.0,3.091042453358316,2.6390573296152584,8.077375740386112
13881.0,1.6094379124341003,3.1354942159291497,9.74041082043658
13882.0,1.3862943611198906,1.9459101490553132,7.031988578000526
13883.0,0.6931471805599453,2.302585092994046,7.839820929971654
13884.0,2.0794415416798357,1.9459101490553132,6.662238298691035
13885.0,5.247024072160486,1.0986122886681098,6.230087669270578
13886.0,4.276666119016055,0.6931471805599453,5.499460677582579
13887.0,5.3230099791384085,0.6931471805599453,5.859503349652977
13888.0,4.795790545596741,1.0986122886681098,6.407919050015748
13889.0,4.543294782270004,0.6931471805599453,6.03524216945387
13890.0,0.6931471805599453,2.70805020110221,7.52933126704033
13892.0,3.332204510175204,1.6094379124341003,6.4520016347056774
13893.0,5.700443573390687,0.6931471805599453,6.711862042158088
13894.0,3.1354942159291497,1.791759469228055,6.285942227026518
13895.0,3.091042453358316,1.791759469228055,7.859073328619475
13897.0,3.9318256327243257,0.6931471805599453,5.743515876874802
13898.0,5.7899601708972535,0.6931471805599453,5.055799846050629
13899.0,2.833213344056216,1.0986122886681098,5.9649152118744455
13900.0,5.214935757608986,1.3862943611198906,6.609281855452135
13901.0,4.290459441148391,1.791759469228055,7.961439934295112
13904.0,3.6375861597263857,1.0986122886681098,5.810062567373411
13908.0,4.394449154672439,1.791759469228055,7.761340475440168
13911.0,4.060443010546419,2.302585092994046,7.856284714098846
13914.0,1.6094379124341003,1.3862943611198906,6.42154096368842
13917.0,3.9318256327243257,1.0986122886681098,5.609618304598452
13918.0,3.9318256327243257,1.0986122886681098,7.101544167216986
13919.0,3.9889840465642745,1.3862943611198906,5.861241960058008
13922.0,5.8664680569332965,0.6931471805599453,5.1547356380700124
13923.0,4.007333185232471,0.6931471805599453,5.864000425598742
13924.0,1.0986122886681098,2.4849066497880004,7.4283807272262745
13925.0,3.6109179126442243,1.9459101490553132,6.425921953982822
13926.0,3.1780538303479458,0.6931471805599453,5.415433513216716
13927.0,4.330733340286331,0.6931471805599453,5.857904582646717
13928.0,2.4849066497880004,1.6094379124341003,6.143262461351643
13929.0,5.135798437050262,1.3862943611198906,6.6894126846089685
13930.0,4.07753744390572,1.0986122886681098,5.824051307047146
13931.0,4.465908118654584,1.3862943611198906,7.116337324297433
13932.0,5.69035945432406,0.6931471805599453,5.731397641689174
13933.0,4.700480365792417,1.0986122886681098,6.413114635600407
13934.0,5.579729825986222,0.6931471805599453,6.8277375709961055
13936.0,5.147494476813453,1.0986122886681098,5.892417393506748
13937.0,5.135798437050262,0.6931471805599453,5.074235875505851
13938.0,3.58351893845611,0.6931471805599453,4.2857910267930555
13939.0,3.1780538303479458,1.6094379124341003,6.323910833312642
13940.0,2.8903717578961645,1.6094379124341003,6.73356854461668
13941.0,3.1354942159291497,2.0794415416798357,8.499723480752666
13946.0,4.382026634673881,1.3862943611198906,6.332515570780452
13947.0,4.189654742026425,0.6931471805599453,4.517431271680085
13948.0,5.8916442118257715,0.6931471805599453,4.634728988229636
13949.0,1.3862943611198906,1.9459101490553132,7.794954939211736
13950.0,2.4849066497880004,1.791759469228055,6.592441612695797
13951.0,5.176149732573829,1.3862943611198906,6.5153791354156905
13952.0,5.356586274672012,1.3862943611198906,8.085514797580162
13953.0,2.0794415416798357,2.0794415416798357,8.16527264169811
13954.0,1.0986122886681098,1.3862943611198906,5.939091722869282
13955.0,5.043425116919247,1.0986122886681098,5.780620051380789
13956.0,1.791759469228055,1.791759469228055,6.934806084458451
13958.0,5.921578419643816,0.6931471805599453,
13959.0,4.382026634673881,1.3862943611198906,6.3955954322030095
13960.0,3.091042453358316,1.0986122886681098,5.443369638247176
13962.0,3.1354942159291497,1.0986122886681098,5.139028508864655
13963.0,5.733341276897746,1.6094379124341003,6.500598741212994
13967.0,4.990432586778736,0.6931471805599453,4.403054001865957
13969.0,2.0794415416798357,3.044522437723423,9.103611142278725
13971.0,2.302585092994046,2.4849066497880004,7.902198934011361
13972.0,4.276666119016055,1.0986122886681098,5.253581472706645
13973.0,5.662960480135946,0.6931471805599453,5.582367852765768
13974.0,3.912023005428146,0.6931471805599453,6.027290080077415
13975.0,3.4657359027997265,2.0794415416798357,7.825736581036901
13976.0,5.337538079701318,0.6931471805599453,5.8832666766299955
13978.0,2.772588722239781,1.0986122886681098,5.287205861793318
13979.0,4.30406509320417,0.6931471805599453,6.769492711981713
13980.0,4.110873864173311,0.6931471805599453,5.304001183016334
13982.0,3.6888794541139363,1.791759469228055,7.529465532354163
13983.0,3.4339872044851463,2.6390573296152584,7.8599767024344285
13984.0,3.332204510175204,1.9459101490553132,6.192423837286308
13985.0,1.6094379124341003,2.833213344056216,8.857305936195985
13986.0,2.8903717578961645,0.6931471805599453,5.7728731191409945
13988.0,3.044522437723423,2.302585092994046,8.318693471014788
13989.0,4.204692619390966,1.0986122886681098,7.144470319606423
13990.0,5.365976015021851,0.6931471805599453,5.7439642642890325
13991.0,2.5649493574615367,2.0794415416798357,6.747152160205322
13992.0,3.4339872044851463,0.6931471805599453,4.354141431184346
13993.0,3.4965075614664802,2.5649493574615367,8.134661099936586
13994.0,1.6094379124341003,1.9459101490553132,7.746793407219949
13995.0,2.772588722239781,1.9459101490553132,7.233087119760808
13999.0,2.3978952727983707,2.772588722239781,8.260042910481546
14000.0,5.332718793265369,1.0986122886681098,6.453168201663336
14001.0,3.8501476017100584,1.6094379124341003,7.616446029917879
14002.0,4.90527477843843,1.0986122886681098,6.274253417348632
14004.0,3.784189633918261,2.0794415416798357,8.430248721279204
14005.0,2.3978952727983707,1.791759469228055,7.964058356660503
14006.0,4.762173934797756,1.3862943611198906,6.870250692440862
14009.0,5.293304824724492,1.3862943611198906,6.532232394745679
14012.0,5.631211781821365,0.6931471805599453,5.7984864101254985
14013.0,4.709530201312334,1.3862943611198906,6.161249514897758
14014.0,4.356708826689592,0.6931471805599453,6.226892337255411
14015.0,3.9889840465642745,0.6931471805599453,6.8225676924206855
14016.0,5.043425116919247,1.791759469228055,8.373198101903036
14019.0,3.871201010907891,1.6094379124341003,7.244198943766608
14020.0,2.8903717578961645,1.0986122886681098,6.467388118864708
14021.0,5.049856007249537,1.3862943611198906,6.45031243178126
14022.0,5.420534999272286,0.6931471805599453,6.089044875446846
14023.0,2.0794415416798357,1.0986122886681098,6.371731498193053
14024.0,4.812184355372417,1.0986122886681098,5.795145480670174
14027.0,4.127134385045092,0.6931471805599453,4.661739537475985
14029.0,4.1588830833596715,1.0986122886681098,6.149877558850261
14030.0,2.9444389791664403,2.1972245773362196,7.766878655799901
14031.0,2.0794415416798357,3.1780538303479458,9.591214928952194
14032.0,1.0986122886681098,2.9444389791664403,7.9830443503433495
14034.0,3.1354942159291497,1.6094379124341003,6.240314830765597
14035.0,3.4011973816621555,1.791759469228055,7.264744173633186
14036.0,5.655991810819852,0.6931471805599453,6.441982686264217
14037.0,5.176149732573829,1.0986122886681098,4.998562712861987
14038.0,4.3694478524670215,1.6094379124341003,7.349539458652975
14039.0,3.5263605246161616,0.6931471805599453,5.0317442573064906
14040.0,3.7376696182833684,2.772588722239781,8.172782730297486
14041.0,5.58724865840025,0.6931471805599453,4.958710221231336
14044.0,3.332204510175204,1.6094379124341003,6.48283208421685
14045.0,4.700480365792417,1.6094379124341003,7.415024586545351
14046.0,5.652489180268651,0.6931471805599453,5.049791902630777
14047.0,2.302585092994046,2.0794415416798357,7.163180136750028
14048.0,5.627621113690637,1.0986122886681098,5.929934828314827
14049.0,2.8903717578961645,1.9459101490553132,8.637665939883124
14050.0,3.4965075614664802,1.0986122886681098,6.616546996753798
14051.0,0.6931471805599453,3.295836866004329,9.6471969062515
14052.0,3.044522437723423,0.6931471805599453,5.422126652274323
14053.0,4.8283137373023015,1.0986122886681098,5.565477803279021
14054.0,4.189654742026425,0.6931471805599453,4.53753353727228
14055.0,4.672828834461906,0.6931471805599453,6.588431169193958
14056.0,0.6931471805599453,3.4011973816621555,9.002750236755375
14057.0,3.2188758248682006,2.9444389791664403,8.723947164350777
14059.0,5.5909869805108565,0.6931471805599453,5.218191322068752
14060.0,1.791759469228055,3.044522437723423,8.721990270725362
14062.0,2.3978952727983707,2.5649493574615367,9.255872854706382
14064.0,3.4011973816621555,2.0794415416798357,7.081136994206617
14066.0,5.5909869805108565,0.6931471805599453,5.034026246886832
14067.0,4.174387269895637,1.0986122886681098,5.928790952579924
14068.0,5.771441123130016,0.6931471805599453,5.586686702779954
14071.0,1.6094379124341003,2.302585092994046,7.1765679385576755
14073.0,3.091042453358316,1.0986122886681098,4.945492145764051
14075.0,1.791759469228055,1.3862943611198906,6.849341960431477
14076.0,4.867534450455582,0.6931471805599453,4.815998211579652
14077.0,3.7376696182833684,1.791759469228055,6.2154477458196355
14078.0,4.634728988229636,1.9459101490553132,6.956897762032364
14079.0,4.836281906951478,0.6931471805599453,5.929855065476291
14080.0,3.5263605246161616,0.6931471805599453,3.8416005411316
14081.0,5.5909869805108565,1.6094379124341003,6.808675001281461
14082.0,5.902633333401366,0.6931471805599453,5.2108513407667605
14083.0,1.6094379124341003,2.302585092994046,6.926998926548841
14085.0,1.0986122886681098,2.995732273553991,8.397686420982305
14087.0,1.3862943611198906,1.0986122886681098,5.207681246288592
14088.0,2.3978952727983707,2.70805020110221,10.828073583086606
14089.0,4.060443010546419,0.6931471805599453,5.087596335232384
14090.0,5.786897381366708,0.6931471805599453,4.34795265434013
14092.0,2.1972245773362196,2.8903717578961645,8.309947595254801
14093.0,2.5649493574615367,0.6931471805599453,6.095486667514328
14096.0,1.6094379124341003,3.5553480614894135,10.952943034829767
14098.0,3.6375861597263857,0.6931471805599453,4.999574346736831
14099.0,2.833213344056216,2.5649493574615367,8.037210334899836
14100.0,4.9344739331306915,0.6931471805599453,5.277604324950495
14101.0,4.31748811353631,1.9459101490553132,8.695806213421232
14102.0,1.791759469228055,2.1972245773362196,7.182146923662347
14104.0,5.049856007249537,1.0986122886681098,5.380864627515602
14105.0,4.454347296253507,1.0986122886681098,7.139921998794036
14107.0,3.970291913552122,2.1972245773362196,7.897103145359193
14108.0,3.4657359027997265,1.3862943611198906,6.388830276959497
14109.0,3.1780538303479458,1.0986122886681098,4.396915247167632
14110.0,1.6094379124341003,2.6390573296152584,8.643059028599284
14111.0,2.70805020110221,1.791759469228055,6.536111719349483
14112.0,3.1780538303479458,2.5649493574615367,7.928467285565402
14113.0,1.6094379124341003,2.1972245773362196,7.2290558630575426
14114.0,5.616771097666572,1.0986122886681098,5.959793265151517
14116.0,3.044522437723423,1.791759469228055,7.2325452572578
14117.0,4.976733742420574,0.6931471805599453,4.51085950651685
14119.0,5.872117789475416,0.6931471805599453,
14121.0,1.6094379124341003,1.9459101490553132,7.916187539419835
14124.0,4.442651256490317,0.6931471805599453,6.041634711020558
14125.0,2.4849066497880004,1.3862943611198906,7.916234961051038
14126.0,2.1972245773362196,1.6094379124341003,6.468676508788589
14127.0,4.820281565605037,1.3862943611198906,6.566264470368445
14128.0,4.127134385045092,1.0986122886681098,6.459121675472594
14129.0,1.0986122886681098,1.791759469228055,7.025413862450224
14130.0,5.768320995793772,0.6931471805599453,6.183860189473411
14132.0,1.0986122886681098,2.5649493574615367,8.183433672048245
14133.0,4.875197323201151,1.791759469228055,6.3823911480950235
14135.0,1.0986122886681098,2.772588722239781,8.453467140135627
14138.0,1.0986122886681098,1.0986122886681098,6.890995617166797
14139.0,3.8501476017100584,0.6931471805599453,6.032654473932845
14140.0,1.6094379124341003,1.3862943611198906,6.8255143235982265
14141.0,1.3862943611198906,1.9459101490553132,6.779955997800261
14142.0,5.924255797414532,0.6931471805599453,5.745595977469612
14143.0,4.90527477843843,0.6931471805599453,4.760463070394127
14145.0,3.871201010907891,1.791759469228055,8.054903731310311
14146.0,2.302585092994046,1.9459101490553132,7.989753651008203
14147.0,3.912023005428146,1.3862943611198906,6.151455283416923
14148.0,5.459585514144159,0.6931471805599453,5.063860055333554
14149.0,5.365976015021851,1.3862943611198906,5.562334111071826
14150.0,3.6109179126442243,1.0986122886681098,6.49169423166057
14152.0,4.330733340286331,1.3862943611198906,6.416879330523766
14154.0,5.480638923341991,1.0986122886681098,7.205353028221294
14155.0,5.58724865840025,0.6931471805599453,4.785406236291025
14156.0,2.3978952727983707,4.204692619390966,11.63854562112485
14157.0,3.044522437723423,1.3862943611198906,5.995033171985007
14158.0,3.713572066704308,0.6931471805599453,6.231779816930511
14159.0,3.044522437723423,2.70805020110221,8.450903805075015
14161.0,5.37989735354046,1.3862943611198906,7.013483726944571
14162.0,5.1647859739235145,1.0986122886681098,5.67112153241664
14163.0,4.477336814478207,1.6094379124341003,7.802581283035999
14164.0,4.276666119016055,1.0986122886681098,7.398033237980444
14165.0,5.6240175061873385,0.6931471805599453,4.816564990267753
14167.0,3.6888794541139363,1.6094379124341003,6.355829844330721
14171.0,4.59511985013459,0.6931471805599453,5.899321845543751
14173.0,2.4849066497880004,1.6094379124341003,6.1133281348648225
14174.0,3.5263605246161616,0.6931471805599453,4.908676393786758
14175.0,3.9512437185814275,2.0794415416798357,8.042075708682441
14176.0,5.697093486505405,1.791759469228055,6.354370040797351
14177.0,4.454347296253507,1.791759469228055,6.319796599286322
14178.0,2.302585092994046,2.0794415416798357,7.391372077147292
14179.0,3.7376696182833684,1.0986122886681098,6.580333958961338
14180.0,2.4849066497880004,3.4657359027997265,8.44285103799807
14184.0,4.219507705176107,0.6931471805599453,6.1178548779353035
14185.0,5.805134968916488,0.6931471805599453,5.291544482260608
14188.0,2.302585092994046,2.3978952727983707,7.610808234947226
14189.0,1.0986122886681098,3.2188758248682006,8.434965264556109
14191.0,1.0986122886681098,2.70805020110221,8.446987441832787
14193.0,4.23410650459726,1.0986122886681098,6.750387764017586
14194.0,1.791759469228055,3.4965075614664802,9.325252624207545
14195.0,5.313205979041787,1.3862943611198906,6.870780042857242
14196.0,4.68213122712422,0.6931471805599453,5.818657582682612
14198.0,1.6094379124341003,2.0794415416798357,6.4990348781533
14199.0,5.389071729816501,0.6931471805599453,5.2278949022514904
14201.0,4.110873864173311,2.302585092994046,6.535299324480918
14204.0,1.0986122886681098,0.6931471805599453,5.087781503272909
14205.0,2.4849066497880004,1.6094379124341003,5.392627046018778
14206.0,5.480638923341991,1.0986122886681098,5.734182347047285
14208.0,4.564348191467836,0.6931471805599453,5.0287371294602385
14209.0,2.4849066497880004,2.0794415416798357,7.634400096321791
14210.0,4.5217885770490405,2.0794415416798357,7.5506034075737976
14211.0,3.9889840465642745,2.6390573296152584,7.700431002256982
14212.0,4.51085950651685,0.6931471805599453,6.976796149317125
14213.0,5.921578419643816,0.6931471805599453,
14214.0,3.4657359027997265,2.0794415416798357,6.9089845231518545
14215.0,2.5649493574615367,2.0794415416798357,7.483761717570941
14216.0,1.3862943611198906,1.6094379124341003,7.517683880791149
14217.0,1.0986122886681098,3.2188758248682006,7.5633874907793235
14218.0,3.784189633918261,0.6931471805599453,5.1386179877903615
14219.0,1.6094379124341003,0.6931471805599453,4.510199948396864
14220.0,5.5134287461649825,1.0986122886681098,6.45110213410454
14221.0,3.7612001156935624,2.3978952727983707,8.139980206974167
14222.0,5.181783550292085,0.6931471805599453,6.528206424753791
14223.0,4.532599493153256,1.6094379124341003,6.883698214388345
14224.0,4.709530201312334,1.6094379124341003,6.957611541333566
14226.0,3.4011973816621555,2.0794415416798357,7.69741191992189
14227.0,3.295836866004329,2.772588722239781,8.106728606725811
14229.0,3.970291913552122,1.791759469228055,7.280421675338915
14231.0,5.19295685089021,1.791759469228055,6.713029102029422
14232.0,3.4965075614664802,2.1972245773362196,7.623118838062197
14233.0,3.8066624897703196,1.791759469228055,7.278290720879051
14234.0,3.1354942159291497,1.6094379124341003,6.654745128061633
14235.0,2.3978952727983707,1.9459101490553132,8.03749794984681
14236.0,4.406719247264253,1.0986122886681098,6.198194123153937
14237.0,5.924255797414532,0.6931471805599453,5.087596335232384
14238.0,5.7899601708972535,0.6931471805599453,4.996198246298486
14239.0,3.784189633918261,2.6390573296152584,7.751260241130639
14240.0,3.4339872044851463,1.0986122886681098,6.792725948397371
14241.0,5.220355825078324,0.6931471805599453,5.369241704884735
14242.0,5.4638318050256105,1.0986122886681098,5.640310051700627
14243.0,2.302585092994046,2.70805020110221,7.83869025852002
14245.0,5.176149732573829,1.791759469228055,7.425643900948446
14246.0,4.718498871295094,1.3862943611198906,7.296453945912696
14247.0,5.631211781821365,0.6931471805599453,4.925585628056507
14248.0,5.765191102784844,0.6931471805599453,5.715645167198713
14250.0,2.0794415416798357,1.3862943611198906,7.552263533935522
14251.0,1.0986122886681098,1.791759469228055,7.965788599152331
14256.0,5.541263545158426,1.3862943611198906,6.841679576987213
14257.0,3.9512437185814275,1.9459101490553132,8.03536634255559
14258.0,2.302585092994046,2.3978952727983707,9.445497866005457
14259.0,4.962844630259907,0.6931471805599453,4.795790545596741
14261.0,3.9512437185814275,1.0986122886681098,7.060004151519799
14262.0,2.1972245773362196,2.1972245773362196,7.870635660430322
14264.0,5.049856007249537,1.3862943611198906,5.7697886682354715
14265.0,4.700480365792417,1.0986122886681098,6.275100946851013
14267.0,5.0238805208462765,2.0794415416798357,7.154685666941855
14270.0,5.808142489980444,0.6931471805599453,6.201826764057459
14271.0,5.424950017481403,0.6931471805599453,4.730215674962316
14272.0,4.31748811353631,1.0986122886681098,6.0844082927507195
14273.0,3.9512437185814275,1.6094379124341003,6.329667428156979
14276.0,4.48863636973214,1.791759469228055,6.927940186141234
14277.0,2.772588722239781,1.6094379124341003,8.28349412616251
14280.0,5.288267030694535,0.6931471805599453,4.905571030847647
14282.0,1.3862943611198906,2.772588722239781,8.224254661298708
14284.0,3.4657359027997265,1.3862943611198906,6.3620793777804
14285.0,3.091042453358316,1.6094379124341003,7.555387177088957
14286.0,3.2188758248682006,1.791759469228055,8.433117863649043
14287.0,2.1972245773362196,1.6094379124341003,5.025392535071163
14288.0,5.3612921657094255,1.0986122886681098,6.027917009110294
14289.0,2.302585092994046,1.9459101490553132,6.815925037163848
14290.0,2.4849066497880004,1.9459101490553132,7.744331582626495
14291.0,1.0986122886681098,2.5649493574615367,8.262120280307855
14292.0,2.1972245773362196,2.70805020110221,8.480597669431333
14293.0,1.3862943611198906,1.6094379124341003,6.954218929392177
14295.0,3.713572066704308,1.0986122886681098,5.0479310788399525
14297.0,2.9444389791664403,1.9459101490553132,7.158560688846258
14298.0,1.3862943611198906,3.828641396489095,10.836899673338483
14299.0,2.1972245773362196,2.9444389791664403,7.957299864970565
14300.0,2.995732273553991,0.6931471805599453,3.7887247890836524
14301.0,4.6913478822291435,1.0986122886681098,6.450533611300938
14304.0,5.4116460518550396,1.0986122886681098,5.288771953704505
14305.0,4.276666119016055,1.791759469228055,7.498182897937567
14306.0,3.9512437185814275,1.3862943611198906,7.642245918076342
14307.0,4.499809670330265,1.9459101490553132,8.005273636192019
14309.0,2.1972245773362196,2.3978952727983707,7.749615525162207
14311.0,5.420534999272286,1.0986122886681098,5.441161510577517
14312.0,3.871201010907891,1.9459101490553132,7.385596861065875
14314.0,4.68213122712422,0.6931471805599453,4.795790545596741
14315.0,3.091042453358316,2.0794415416798357,7.807095153396376
14317.0,4.189654742026425,0.6931471805599453,6.233586857019973
14320.0,5.337538079701318,1.3862943611198906,5.840961373700547
14321.0,2.4849066497880004,1.791759469228055,7.334166151605764
14323.0,4.7535901911063645,1.6094379124341003,6.354822112510577
14326.0,5.4638318050256105,1.0986122886681098,5.123070723426044
14327.0,5.099866427824199,0.6931471805599453,5.745084354013307
14329.0,2.302585092994046,2.70805020110221,8.503041527309307
14331.0,4.8283137373023015,1.0986122886681098,6.139151525006747
14332.0,3.1780538303479458,1.3862943611198906,6.7653964676596825
14333.0,4.174387269895637,1.0986122886681098,5.864908768219885
14334.0,2.8903717578961645,2.302585092994046,7.8401004459777335
14335.0,2.833213344056216,1.0986122886681098,6.151156985841575
14336.0,2.8903717578961645,1.6094379124341003,7.387653544460817
14338.0,5.0689042022202315,1.6094379124341003,6.319364431598535
14339.0,5.4638318050256105,1.6094379124341003,5.673013940984564
14340.0,5.393627546352362,0.6931471805599453,4.9104465668408235
14341.0,3.828641396489095,2.302585092994046,7.681274343800292
14342.0,3.091042453358316,1.9459101490553132,6.411341963819016
14344.0,4.852030263919617,2.1972245773362196,6.7922658609726465
14345.0,3.6888794541139363,0.6931471805599453,4.700298531079668
14346.0,4.804021044733257,1.0986122886681098,6.9300841244652
14348.0,5.564520407322694,0.6931471805599453,6.017546438106483
14349.0,2.3978952727983707,0.6931471805599453,4.901564199041894
14350.0,5.605802066295998,1.0986122886681098,5.5595271186687025
14351.0,5.111987788356544,0.6931471805599453,3.9512437185814275
14352.0,5.062595033026967,1.6094379124341003,6.984679282395341
14353.0,5.375278407684165,0.6931471805599453,4.517431271680085
14354.0,1.9459101490553132,1.0986122886681098,5.103639787544498
14355.0,5.905361848054571,0.6931471805599453,5.1670690799380825
14356.0,4.110873864173311,1.6094379124341003,6.504198349143274
14357.0,3.784189633918261,0.6931471805599453,5.423936287972195
14359.0,2.995732273553991,1.9459101490553132,6.78398183661347
14360.0,3.4965075614664802,1.6094379124341003,7.663515690998327
14362.0,3.1354942159291497,0.6931471805599453,5.088830141681313
14364.0,4.700480365792417,2.1972245773362196,8.221035300483413
14367.0,2.1972245773362196,2.995732273553991,9.123563876490643
14368.0,5.771441123130016,0.6931471805599453,5.049856007249537
14371.0,5.69035945432406,0.6931471805599453,4.620058798481842
14373.0,5.883322388488279,0.6931471805599453,4.350922889622548
14375.0,5.225746673713202,0.6931471805599453,5.555591776578392
14377.0,5.2574953720277815,1.0986122886681098,6.426569360333832
14379.0,3.8066624897703196,1.0986122886681098,5.855358414110991
14381.0,3.970291913552122,0.6931471805599453,5.316550134809097
14382.0,3.295836866004329,0.6931471805599453,6.441058177144555
14383.0,3.6635616461296463,1.3862943611198906,7.129850280760371
14385.0,2.302585092994046,1.3862943611198906,5.3137477042033945
14386.0,5.697093486505405,0.6931471805599453,4.96563792816552
14387.0,3.5263605246161616,1.3862943611198906,7.479615793333997
14388.0,2.302585092994046,2.3978952727983707,8.06244539786995
14389.0,2.302585092994046,1.791759469228055,6.9084750199064855
14390.0,2.3978952727983707,2.6390573296152584,8.432391008722522
14393.0,5.389071729816501,0.6931471805599453,4.233381604239311
14395.0,1.0986122886681098,2.5649493574615367,8.152748138213076
14396.0,4.189654742026425,1.0986122886681098,6.192342039368019
14397.0,0.6931471805599453,3.1780538303479458,7.84685587658081
14400.0,4.955827057601261,1.0986122886681098,6.329186003129627
14401.0,1.6094379124341003,2.70805020110221,8.304242515796243
14403.0,4.875197323201151,1.791759469228055,7.263546832846729
14404.0,3.5553480614894135,2.0794415416798357,7.26942174452349
14406.0,4.787491742782046,0.6931471805599453,5.061011501421323
14407.0,4.68213122712422,2.302585092994046,7.655428522896647
14408.0,2.4849066497880004,2.0794415416798357,7.866158692081993
14409.0,4.276666119016055,2.0794415416798357,7.554465773768493
14410.0,2.833213344056216,2.772588722239781,6.358362062066888
14411.0,5.7430031878094825,0.6931471805599453,6.96979066990159
14412.0,3.58351893845611,1.3862943611198906,6.636379532804666
14413.0,5.8944028342648505,0.6931471805599453,4.8178592793984425
14414.0,4.532599493153256,2.1972245773362196,7.303930704627587
14415.0,0.6931471805599453,2.9444389791664403,8.66777637242298
14416.0,3.1354942159291497,1.0986122886681098,6.1968920926164115
14418.0,1.6094379124341003,1.3862943611198906,7.569540783099068
14419.0,2.4849066497880004,1.9459101490553132,6.965137001220243
14420.0,4.454347296253507,1.0986122886681098,5.9580887192842615
14421.0,4.060443010546419,1.0986122886681098,6.702095492007746
14422.0,0.6931471805599453,1.9459101490553132,8.358113048391361
14423.0,5.389071729816501,0.6931471805599453,5.5842479059610115
14424.0,2.9444389791664403,0.6931471805599453,5.777899970574095
14426.0,2.995732273553991,2.833213344056216,8.273821422255036
14427.0,3.9318256327243257,1.0986122886681098,5.898087497602683
14428.0,2.0794415416798357,2.0794415416798357,7.115695848393711
14431.0,5.703782474656201,1.0986122886681098,5.988359732154503
14432.0,2.3978952727983707,1.9459101490553132,7.72157465089916
14434.0,3.1354942159291497,1.9459101490553132,7.225335901779781
14436.0,4.605170185988092,0.6931471805599453,4.500476114873425
14437.0,4.969813299576001,1.0986122886681098,
14438.0,5.726847747587197,0.6931471805599453,4.8895969657192
14439.0,5.771441123130016,0.6931471805599453,7.8869231526671975
14440.0,2.1972245773362196,1.791759469228055,7.765857419506838
14441.0,0.6931471805599453,2.3978952727983707,7.343516781321652
14442.0,1.0986122886681098,1.791759469228055,7.343180403333125
14443.0,4.007333185232471,2.0794415416798357,7.245569471919918
14446.0,0.6931471805599453,1.6094379124341003,6.947533528990549
14447.0,2.995732273553991,1.791759469228055,7.059815203273879
14448.0,2.302585092994046,1.0986122886681098,5.930519561480541
14449.0,2.995732273553991,1.6094379124341003,6.811354504695783
14450.0,5.204006687076795,1.3862943611198906,6.182601302287106
14451.0,4.110873864173311,1.0986122886681098,6.4976644888838795
14452.0,2.4849066497880004,1.0986122886681098,5.581388826442135
14453.0,5.25227342804663,0.6931471805599453,4.795211865797184
14456.0,1.791759469228055,2.70805020110221,8.022447588361885
14457.0,5.7430031878094825,0.6931471805599453,4.741796783519916
14459.0,5.049856007249537,0.6931471805599453,7.516933721754878
14460.0,4.709530201312334,1.6094379124341003,5.951527577504281
14461.0,5.003946305945459,1.3862943611198906,7.651624090561262
14462.0,4.174387269895637,2.772588722239781,7.584213978255847
14463.0,4.59511985013459,1.3862943611198906,6.2740461341708045
14465.0,5.5134287461649825,1.3862943611198906,6.965665632266971
14466.0,3.4011973816621555,2.0794415416798357,7.72903178725261
14467.0,2.9444389791664403,1.6094379124341003,6.396529575194807
14470.0,2.5649493574615367,1.0986122886681098,6.135976061950666
14472.0,4.653960350157523,2.1972245773362196,7.569329229702976
14473.0,4.31748811353631,1.0986122886681098,5.461031277035783
14474.0,3.784189633918261,1.0986122886681098,6.289177392721916
14475.0,4.290459441148391,1.9459101490553132,6.685636202714115
14476.0,5.552959584921617,0.6931471805599453,5.378513908542313
14477.0,3.044522437723423,1.791759469228055,7.17687360640609
14479.0,5.541263545158426,1.0986122886681098,5.759690106594497
14480.0,2.4849066497880004,0.6931471805599453,5.634968158655841
14481.0,5.111987788356544,1.0986122886681098,6.457569963184063
14482.0,2.9444389791664403,1.9459101490553132,7.63489317390932
14483.0,5.017279836814924,1.0986122886681098,4.869071729774468
14484.0,3.9318256327243257,0.6931471805599453,5.777404614526815
14485.0,3.6888794541139363,0.6931471805599453,5.1164956847957335
14487.0,3.332204510175204,2.0794415416798357,7.077143560364193
14488.0,3.9512437185814275,1.0986122886681098,6.95504908607228
14489.0,5.337538079701318,0.6931471805599453,6.14070318257422
14491.0,5.170483995038151,1.0986122886681098,5.834606037750557
14493.0,2.0794415416798357,2.0794415416798357,7.768042694340373
14494.0,3.295836866004329,0.6931471805599453,4.945634443878841
14495.0,3.9512437185814275,1.0986122886681098,4.826712455935327
14496.0,5.746203190540153,1.0986122886681098,6.2912172257920815
14497.0,5.71042701737487,1.0986122886681098,6.127894858803381
14498.0,3.784189633918261,1.791759469228055,7.579842241810434
14499.0,3.295836866004329,1.3862943611198906,6.704806434953446
14500.0,4.48863636973214,1.3862943611198906,5.880113904184607
14501.0,4.174387269895637,1.3862943611198906,5.25389514899529
14502.0,3.044522437723423,2.70805020110221,7.763029812383724
14503.0,1.3862943611198906,1.9459101490553132,8.173084672465158
14504.0,3.871201010907891,1.6094379124341003,6.513615793203887
14505.0,2.8903717578961645,2.4849066497880004,8.66900399300517
14506.0,2.8903717578961645,1.791759469228055,7.607465873142059
14507.0,3.2188758248682006,2.0794415416798357,7.221967299479524
14508.0,3.1354942159291497,1.0986122886681098,5.625532603335144
14511.0,2.4849066497880004,1.9459101490553132,7.145519426581395
14512.0,5.241747015059643,1.0986122886681098,5.621414844220772
14513.0,4.624972813284271,1.6094379124341003,6.08561496373782
14514.0,4.127134385045092,1.3862943611198906,6.962574848746244
14515.0,2.9444389791664403,1.9459101490553132,7.651162970792683
14517.0,3.5263605246161616,1.0986122886681098,5.8034769686874
14518.0,4.174387269895637,0.6931471805599453,5.166898027681201
14520.0,1.0986122886681098,1.0986122886681098,5.604330395684541
14522.0,3.2188758248682006,1.6094379124341003,6.882991163835519
14523.0,4.6913478822291435,0.6931471805599453,5.489309557845162
14524.0,3.4965075614664802,2.302585092994046,7.532987578243441
14525.0,2.302585092994046,2.6390573296152584,8.348151860759817
14527.0,1.3862943611198906,4.465908118654584,8.950582108935386
14528.0,3.6375861597263857,0.6931471805599453,5.900499911733888
14529.0,4.110873864173311,1.3862943611198906,6.431395492097425
14530.0,3.295836866004329,1.9459101490553132,7.9817025380127955
14532.0,5.4680601411351315,1.6094379124341003,6.839315825759616
14533.0,3.258096538021482,2.302585092994046,7.503080126922544
14534.0,1.3862943611198906,3.258096538021482,8.312957259154654
14535.0,4.0943445622221,1.6094379124341003,7.95229497599518
14536.0,5.564520407322694,0.6931471805599453,5.152134856369956
14537.0,4.07753744390572,0.6931471805599453,5.876502528638301
14538.0,4.189654742026425,1.0986122886681098,5.964221810714108
14539.0,2.833213344056216,1.0986122886681098,6.288750355702458
14540.0,2.3978952727983707,1.3862943611198906,6.905011518311074
14541.0,4.0943445622221,2.1972245773362196,7.288005137949238
14542.0,5.231108616854587,0.6931471805599453,4.646791860678911
14543.0,1.6094379124341003,3.091042453358316,7.978369247223386
14544.0,3.2188758248682006,1.0986122886681098,7.613547177075161
14546.0,1.6094379124341003,2.302585092994046,7.81924249241197
14547.0,1.6094379124341003,2.302585092994046,8.290979933369645
14548.0,5.0238805208462765,1.0986122886681098,6.48280149429011
14549.0,5.7430031878094825,0.6931471805599453,5.670708166926771
14550.0,2.4849066497880004,1.0986122886681098,6.6419912418312865
14551.0,2.9444389791664403,1.0986122886681098,5.232337807614061
14552.0,5.030437921392435,0.6931471805599453,5.112409386218662
14553.0,2.995732273553991,1.791759469228055,6.757246293462842
14554.0,2.3978952727983707,1.6094379124341003,7.775712542385502
14555.0,4.060443010546419,1.0986122886681098,5.784255858806078
14557.0,4.174387269895637,1.0986122886681098,0.0
14560.0,2.0794415416798357,3.2188758248682006,7.684866698719168
14561.0,4.343805421853684,1.3862943611198906,6.986344623342368
14562.0,1.6094379124341003,3.1354942159291497,8.457489895049138
14565.0,4.574710978503383,1.9459101490553132,8.030985380695235
14566.0,4.718498871295094,0.6931471805599453,7.267525427828172
14567.0,3.58351893845611,1.3862943611198906,7.330051282901773
14569.0,0.6931471805599453,0.6931471805599453,5.431054693986231
14570.0,5.641907070938114,1.0986122886681098,5.3893456648956
14572.0,1.3862943611198906,2.3978952727983707,7.939048294915304
14573.0,5.198497031265826,2.6390573296152584,7.380704565516442
14576.0,5.921578419643816,0.6931471805599453,3.594568774642695
14577.0,2.6390573296152584,1.6094379124341003,6.757757630038034
14578.0,1.3862943611198906,0.6931471805599453,5.133619594507631
14581.0,2.8903717578961645,0.6931471805599453,4.938781190328272
14582.0,3.7376696182833684,0.6931471805599453,4.74588819292697
14583.0,1.9459101490553132,1.791759469228055,6.959920692962816
14584.0,5.135798437050262,1.791759469228055,6.937566476553767
14585.0,3.9318256327243257,0.6931471805599453,5.062911438661627
14586.0,5.429345628954441,1.3862943611198906,4.90645926184609
14587.0,2.995732273553991,2.3978952727983707,7.377283795379636
14589.0,5.921578419643816,0.6931471805599453,3.7074558396868715
14591.0,2.772588722239781,1.6094379124341003,7.278035253354833
14592.0,3.58351893845611,1.3862943611198906,6.3481944895342695
14593.0,3.1354942159291497,1.3862943611198906,6.428089117465248
14594.0,2.0794415416798357,1.0986122886681098,5.942353081326715
14595.0,3.044522437723423,1.9459101490553132,7.462559509920338
14597.0,2.4849066497880004,1.0986122886681098,6.784626731500986
14598.0,3.8066624897703196,0.6931471805599453,5.40703723326228
14600.0,5.726847747587197,0.6931471805599453,5.977188122189173
14601.0,2.4849066497880004,0.6931471805599453,5.370451964307236
14603.0,5.62040086571715,0.6931471805599453,6.493753839851686
14606.0,0.6931471805599453,4.859812404361672,9.368612546762611
14607.0,2.833213344056216,2.8903717578961645,9.336276745322268
14608.0,1.6094379124341003,1.6094379124341003,7.48781774447192
14609.0,4.290459441148391,1.6094379124341003,6.401187245468788
14616.0,5.497168225293202,1.3862943611198906,6.009009726323731
14618.0,2.302585092994046,1.6094379124341003,6.290809591915768
14619.0,5.480638923341991,1.0986122886681098,5.941512458165331
14620.0,5.3230099791384085,1.3862943611198906,5.977061316797238
14621.0,0.6931471805599453,1.9459101490553132,7.476902639665317
14622.0,5.225746673713202,0.6931471805599453,5.773246346316266
14623.0,3.4965075614664802,1.9459101490553132,6.768895429598718
14624.0,4.060443010546419,1.0986122886681098,5.424289006109973
14625.0,5.225746673713202,1.791759469228055,6.744624397574098
14626.0,2.302585092994046,2.0794415416798357,7.922286438741822
14627.0,5.746203190540153,0.6931471805599453,
14628.0,4.5217885770490405,1.0986122886681098,6.511685892514335
14629.0,1.6094379124341003,1.3862943611198906,6.846103254568354
14631.0,3.9512437185814275,1.3862943611198906,6.915703607164632
14632.0,5.575949103146316,0.6931471805599453,4.749789875598035
14633.0,5.58724865840025,0.6931471805599453,5.846149715943123
14636.0,3.6109179126442243,1.0986122886681098,6.414851429850069
14638.0,3.9512437185814275,0.6931471805599453,6.097175001530096
14639.0,3.970291913552122,2.1972245773362196,7.990692012264812
14640.0,2.833213344056216,2.1972245773362196,7.62224801356146
14641.0,3.1354942159291497,0.6931471805599453,4.7136657821413905
14642.0,4.0943445622221,0.6931471805599453,4.575947327311188
14643.0,5.14166355650266,1.3862943611198906,6.5066954533528785
14644.0,2.302585092994046,1.6094379124341003,6.661163964930364
14645.0,5.062595033026967,1.0986122886681098,6.393741244298632
14646.0,1.0986122886681098,4.356708826689592,12.540721864320831
14647.0,5.308267697401205,0.6931471805599453,5.498069458404876
14649.0,1.791759469228055,1.6094379124341003,7.257207199581212
14651.0,4.219507705176107,1.0986122886681098,6.485550846869675
14652.0,4.356708826689592,0.6931471805599453,4.7464961220785264
14653.0,0.6931471805599453,2.0794415416798357,7.5748407852142225
14655.0,1.6094379124341003,1.791759469228055,7.565870959370153
14656.0,5.135798437050262,1.0986122886681098,5.676925020486318
14657.0,2.9444389791664403,1.791759469228055,6.732532466377506
14658.0,1.791759469228055,1.0986122886681098,5.51403340203345
14659.0,2.302585092994046,2.5649493574615367,7.806912059474786
14660.0,4.477336814478207,1.0986122886681098,5.6585758818181215
14661.0,3.332204510175204,0.6931471805599453,4.690889061390629
14662.0,3.4011973816621555,1.6094379124341003,6.649204733036604
14664.0,3.044522437723423,1.0986122886681098,6.459732295584099
14665.0,4.127134385045092,2.0794415416798357,7.138374815350492
14666.0,3.2188758248682006,0.6931471805599453,5.279389356662517
14667.0,2.4849066497880004,3.332204510175204,9.130452652291387
14669.0,5.493061443340548,1.3862943611198906,7.147551403337889
14670.0,5.638354669333745,1.0986122886681098,6.022308930402963
14672.0,5.4638318050256105,1.0986122886681098,6.641899927756463
14673.0,1.3862943611198906,1.791759469228055,7.46014502182582
14675.0,2.833213344056216,0.6931471805599453,6.406467359696635
14676.0,3.4657359027997265,2.1972245773362196,7.841587259632952
14679.0,5.921578419643816,0.6931471805599453,
14680.0,3.258096538021482,3.1780538303479458,10.201120203365798
14681.0,4.276666119016055,1.3862943611198906,6.214508093421858
14682.0,5.241747015059643,1.0986122886681098,3.970291913552122
14684.0,3.295836866004329,1.791759469228055,7.1206707008607255
14687.0,4.68213122712422,0.6931471805599453,6.444735207830545
14688.0,2.1972245773362196,3.332204510175204,8.538637607494248
14689.0,5.3471075307174685,0.6931471805599453,4.73444252169223
14690.0,3.8066624897703196,1.3862943611198906,5.885020110887118
14691.0,3.4657359027997265,1.791759469228055,7.656966107678013
14692.0,4.927253685157205,1.791759469228055,6.368272945966342
14693.0,5.583496308781699,0.6931471805599453,5.158480421360237
14696.0,1.6094379124341003,2.302585092994046,7.636255124510076
14697.0,5.389071729816501,1.0986122886681098,5.2449693310461125
14698.0,1.0986122886681098,1.791759469228055,7.132305839993802
14699.0,5.3706380281276624,0.6931471805599453,4.701661486176853
14700.0,3.4965075614664802,1.3862943611198906,7.712577993432672
14701.0,2.4849066497880004,2.5649493574615367,7.818920899883008
14702.0,0.6931471805599453,2.9444389791664403,8.08691476343287
14703.0,2.772588722239781,0.6931471805599453,5.765723876196384
14704.0,2.4849066497880004,2.302585092994046,7.3446609129246205
14705.0,5.298317366548036,0.6931471805599453,5.19295685089021
14708.0,1.3862943611198906,1.6094379124341003,7.0009450304482534
14709.0,2.772588722239781,2.70805020110221,8.499464971049479
14710.0,2.70805020110221,1.6094379124341003,6.408742936168337
14711.0,2.3978952727983707,2.5649493574615367,7.951277601332286
14712.0,3.4011973816621555,1.3862943611198906,6.822273640436711
14713.0,2.302585092994046,2.5649493574615367,7.888056892816792
14714.0,3.2188758248682006,0.6931471805599453,5.08258379340884
14715.0,3.258096538021482,1.6094379124341003,6.766629406877568
14716.0,3.784189633918261,1.0986122886681098,5.801151140384475
14719.0,1.0986122886681098,1.9459101490553132,7.373487297876951
14720.0,1.9459101490553132,1.3862943611198906,6.499501285546037
14722.0,4.997212273764115,0.6931471805599453,5.241323645027917
14723.0,2.3978952727983707,1.9459101490553132,7.055571653676355
14725.0,3.258096538021482,0.6931471805599453,6.577972617178215
14727.0,5.616771097666572,0.6931471805599453,5.596865192310124
14729.0,5.926926025970411,0.6931471805599453,5.750952279132591
14730.0,0.6931471805599453,2.1972245773362196,7.60392787834377
14731.0,3.871201010907891,1.3862943611198906,5.942851867187289
14732.0,2.1972245773362196,2.3978952727983707,7.896307135779926
14733.0,2.302585092994046,2.772588722239781,9.154038767440873
14735.0,1.6094379124341003,3.5553480614894135,8.667110351101167
14737.0,1.6094379124341003,1.3862943611198906,7.060948357598531
14738.0,3.6888794541139363,2.302585092994046,7.163125914166309
14739.0,1.0986122886681098,2.1972245773362196,8.268757472814654
14740.0,5.2574953720277815,1.6094379124341003,7.26137255300912
14741.0,2.5649493574615367,1.9459101490553132,7.245184200691345
14744.0,2.833213344056216,2.302585092994046,6.993501689572351
14745.0,4.736198448394496,1.9459101490553132,7.063185140307776
14747.0,5.517452896464707,1.0986122886681098,5.687991788749877
14748.0,3.4011973816621555,1.9459101490553132,7.179909922440349
14752.0,3.8066624897703196,0.6931471805599453,5.967786419753405
14753.0,4.477336814478207,0.6931471805599453,6.335320173584455
14754.0,3.828641396489095,1.0986122886681098,6.459982698577723
14755.0,2.3978952727983707,2.5649493574615367,8.51044648347888
14756.0,2.772588722239781,0.6931471805599453,6.606596130683188
14757.0,4.330733340286331,0.6931471805599453,6.04381977744191
14758.0,4.983606621708336,1.6094379124341003,7.303210454460983
14759.0,1.791759469228055,1.3862943611198906,7.394474668204541
14760.0,5.68697535633982,1.0986122886681098,4.00369019395397
14761.0,4.0943445622221,1.0986122886681098,5.548686904115838
14762.0,5.579729825986222,0.6931471805599453,5.70883634895888
14764.0,3.8066624897703196,1.0986122886681098,5.527641776937328
14765.0,3.4011973816621555,1.3862943611198906,5.541694824693056
14766.0,2.1972245773362196,2.1972245773362196,7.793203224660036
14768.0,2.8903717578961645,1.3862943611198906,4.945207488773801
14769.0,1.3862943611198906,2.3978952727983707,9.272620093946628
14770.0,5.4510384535657,1.0986122886681098,6.7769857830927895
14772.0,4.727387818712341,0.6931471805599453,4.943497843108764
14775.0,4.07753744390572,1.3862943611198906,6.9205727826927514
14776.0,3.9512437185814275,2.6390573296152584,7.694656884332371
14777.0,1.6094379124341003,1.0986122886681098,
14778.0,4.852030263919617,1.0986122886681098,6.595589238838791
14779.0,5.641907070938114,1.3862943611198906,5.958812214832733
14780.0,4.02535169073515,1.0986122886681098,6.106309938777023
14782.0,5.771441123130016,0.6931471805599453,5.303802296778606
14784.0,3.295836866004329,1.0986122886681098,5.673288902319859
14785.0,2.3978952727983707,1.0986122886681098,4.361823927356363
14788.0,2.0794415416798357,1.0986122886681098,6.522739647741382
14789.0,3.4011973816621555,0.6931471805599453,5.2914941411999115
14790.0,2.8903717578961645,1.6094379124341003,6.61480602592395
14792.0,4.174387269895637,1.0986122886681098,0.0
14793.0,1.6094379124341003,1.0986122886681098,5.371288979003859
14794.0,1.3862943611198906,2.302585092994046,7.149218004879261
14795.0,5.117993812416755,0.6931471805599453,4.886205215718078
14796.0,0.6931471805599453,3.332204510175204,8.967059162249136
14798.0,3.9889840465642745,1.3862943611198906,5.163299154869948
14799.0,3.9512437185814275,0.6931471805599453,5.0670156275323635
14800.0,3.8918202981106265,2.833213344056216,8.351690992863755
14801.0,4.127134385045092,0.6931471805599453,5.26857954828408
14803.0,5.093750200806762,1.3862943611198906,6.741169266574241
14804.0,2.302585092994046,0.6931471805599453,5.8700593342813
14805.0,2.772588722239781,1.6094379124341003,6.3201385996316555
14806.0,4.330733340286331,0.6931471805599453,5.269866450374021
14808.0,3.713572066704308,2.772588722239781,7.685413630285927
14810.0,3.7376696182833684,2.4849066497880004,7.644383316153618
14813.0,5.916202062607435,1.0986122886681098,5.052608625573679
14815.0,3.6375861597263857,1.0986122886681098,6.658652688497831
14816.0,5.288267030694535,0.6931471805599453,5.608922193632241
14817.0,5.303304908059076,1.0986122886681098,7.0133217734248765
14818.0,4.31748811353631,1.3862943611198906,6.490419998303485
14819.0,4.174387269895637,1.0986122886681098,5.609728172573878
14820.0,3.091042453358316,1.6094379124341003,6.231052150838124
14821.0,5.908082938168931,0.6931471805599453,3.9080149840306073
14823.0,5.198497031265826,1.3862943611198906,5.775886058412575
14824.0,2.3978952727983707,1.6094379124341003,7.028830666672488
14825.0,1.6094379124341003,2.5649493574615367,7.708819205258206
14828.0,5.288267030694535,1.3862943611198906,7.668916185155464
14829.0,3.4011973816621555,1.9459101490553132,6.4702575612926605
14830.0,3.9889840465642745,0.6931471805599453,5.2889233809061675
14834.0,2.9444389791664403,2.1972245773362196,7.438001103987607
14836.0,2.3978952727983707,1.3862943611198906,4.639088404191552
14837.0,4.51085950651685,1.791759469228055,7.403792085274689
14840.0,5.594711379601839,0.6931471805599453,4.156536582478548
14841.0,3.9889840465642745,1.9459101490553132,8.10069544697357
14842.0,3.58351893845611,2.1972245773362196,7.807021919850497
14844.0,4.174387269895637,1.6094379124341003,8.068030082042343
14847.0,5.0106352940962555,0.6931471805599453,5.737861788309064
14849.0,3.1354942159291497,3.367295829986474,8.975286169636139
14850.0,5.746203190540153,1.0986122886681098,5.6317492717563695
14851.0,3.1780538303479458,1.0986122886681098,6.239007985245727
14852.0,4.07753744390572,1.9459101490553132,7.950745619900337
14853.0,2.302585092994046,1.3862943611198906,6.139992305041402
14854.0,4.3694478524670215,2.1972245773362196,7.919679774665302
14855.0,4.787491742782046,1.0986122886681098,6.471805189861254
14856.0,3.6109179126442243,1.3862943611198906,7.179597561714504
14857.0,4.110873864173311,1.3862943611198906,7.061891672993068
14859.0,2.6390573296152584,1.791759469228055,7.2101091916657865
14860.0,2.302585092994046,1.0986122886681098,5.133560640933554
14861.0,3.970291913552122,0.6931471805599453,4.842532174539857
14862.0,3.295836866004329,1.0986122886681098,6.736017515727827
14863.0,3.4011973816621555,0.6931471805599453,5.590091056903071
14865.0,2.0794415416798357,1.0986122886681098,3.9740583963475986
14866.0,2.4849066497880004,2.6390573296152584,9.560888082701942
14867.0,5.231108616854587,1.6094379124341003,6.554403379040337
14868.0,1.3862943611198906,2.302585092994046,7.986382523717164
14869.0,1.6094379124341003,1.3862943611198906,6.583340063474135
14870.0,5.572154032177765,0.6931471805599453,5.793775513182905
14871.0,1.3862943611198906,1.6094379124341003,6.260307777673182
14873.0,5.351858133476067,0.6931471805599453,6.25513564959826
14875.0,2.302585092994046,1.791759469228055,7.2791257133194724
14878.0,2.6390573296152584,2.302585092994046,7.304206550922399
14880.0,4.356708826689592,1.3862943611198906,6.561299370951966
14881.0,3.044522437723423,0.6931471805599453,5.546738725046515
14882.0,3.332204510175204,1.0986122886681098,6.38130827431319
14883.0,2.995732273553991,2.0794415416798357,6.630208338788541
14885.0,4.890349128221754,0.6931471805599453,6.6415998370746365
14886.0,5.537334267018537,0.6931471805599453,5.9020867359567655
14887.0,4.382026634673881,0.6931471805599453,7.529943370601589
14888.0,5.337538079701318,0.6931471805599453,5.914043400139397
14889.0,5.820082930352362,0.6931471805599453,4.919250732294404
14890.0,5.541263545158426,0.6931471805599453,4.841427376447684
14891.0,5.003946305945459,1.0986122886681098,6.319652564141498
14893.0,2.3978952727983707,1.0986122886681098,7.121938808924836
14894.0,4.454347296253507,0.6931471805599453,6.4873034285656495
14895.0,2.1972245773362196,3.2188758248682006,9.307581413738921
14896.0,5.327876168789581,1.0986122886681098,6.152243213225462
14897.0,2.1972245773362196,1.6094379124341003,7.220651779074644
14898.0,3.1780538303479458,2.1972245773362196,7.114216449962572
14901.0,2.4849066497880004,2.3978952727983707,7.2555842120818355
14902.0,3.091042453358316,1.0986122886681098,5.752921784216493
14903.0,3.091042453358316,2.3978952727983707,7.917711202044789
14904.0,1.0986122886681098,1.0986122886681098,6.933851783703411
14905.0,5.043425116919247,1.3862943611198906,6.398428531339882
14907.0,1.3862943611198906,2.3978952727983707,8.154744468391264
14908.0,4.31748811353631,0.6931471805599453,5.630494678886369
14910.0,1.3862943611198906,2.0794415416798357,5.968349439601931
14911.0,0.6931471805599453,5.517452896464707,11.794893392748817
14912.0,2.8903717578961645,1.3862943611198906,6.736397400817157
14913.0,3.6109179126442243,1.6094379124341003,7.113492210280829
14915.0,4.465908118654584,1.3862943611198906,5.560027571011063
14916.0,4.276666119016055,1.791759469228055,7.143491212410727
14918.0,4.762173934797756,1.0986122886681098,7.384703488712166
14920.0,5.365976015021851,1.0986122886681098,6.886296681323568
14921.0,3.4339872044851463,1.0986122886681098,7.1831648514317985
14923.0,3.9512437185814275,0.6931471805599453,6.620206530975591
14924.0,5.5093883366279774,0.6931471805599453,5.739953670961029
14929.0,3.4965075614664802,0.6931471805599453,5.415566926598276
14930.0,4.700480365792417,1.3862943611198906,7.772272601231864
14931.0,1.791759469228055,1.9459101490553132,6.872832516392871
14932.0,5.905361848054571,0.6931471805599453,5.89860885258863
14934.0,4.30406509320417,1.3862943611198906,7.544247448385503
14935.0,5.697093486505405,0.6931471805599453,7.487571374232199
14936.0,2.302585092994046,2.302585092994046,9.001890832941543
14937.0,4.060443010546419,1.6094379124341003,7.389335391425858
14944.0,3.4339872044851463,2.70805020110221,8.67316221705028
14946.0,2.70805020110221,0.6931471805599453,4.623991940228679
14947.0,4.290459441148391,1.0986122886681098,5.676137173835876
14948.0,3.1780538303479458,2.0794415416798357,6.973140316723406
14950.0,2.302585092994046,1.0986122886681098,5.8923345812007915
14951.0,4.382026634673881,0.6931471805599453,5.745212284419341
14952.0,3.8501476017100584,2.772588722239781,8.976362086339323
14953.0,3.258096538021482,0.6931471805599453,5.67270451908534
14954.0,2.5649493574615367,0.6931471805599453,5.820587254198285
14957.0,5.537334267018537,0.6931471805599453,4.085808231199814
14958.0,4.997212273764115,1.3862943611198906,6.215967174459823
14959.0,4.0943445622221,1.791759469228055,6.530833894991198
14960.0,2.1972245773362196,1.0986122886681098,5.4038928590966755
14961.0,2.4849066497880004,2.5649493574615367,8.854747699313414
14962.0,5.605802066295998,0.6931471805599453,4.8496837630384935
14963.0,2.3978952727983707,1.791759469228055,7.305725705328041
14964.0,5.5134287461649825,0.6931471805599453,5.333732771768991
14965.0,4.574710978503383,1.0986122886681098,6.396929655216146
14966.0,2.772588722239781,0.6931471805599453,5.259160651346843
14967.0,3.9318256327243257,0.6931471805599453,6.141607205537701
14968.0,3.4339872044851463,0.6931471805599453,5.001190835268256
14970.0,4.23410650459726,1.6094379124341003,7.373411973984176
14971.0,3.58351893845611,1.3862943611198906,7.0189119643469615
14972.0,4.859812404361672,0.6931471805599453,4.751605464217637
14973.0,4.68213122712422,1.3862943611198906,7.181934091396172
14974.0,3.6375861597263857,0.6931471805599453,4.748317695206576
14975.0,4.060443010546419,0.6931471805599453,5.638141123402764
14976.0,4.060443010546419,2.1972245773362196,6.642304255371678
14978.0,4.290459441148391,1.791759469228055,7.566528382450746
14981.0,5.5093883366279774,0.6931471805599453,4.635893358630932
14984.0,2.995732273553991,1.0986122886681098,5.3672369020126345
14985.0,5.293304824724492,1.0986122886681098,5.696254208235409
14987.0,2.833213344056216,1.0986122886681098,5.791182664937034
14988.0,5.3612921657094255,0.6931471805599453,5.8157411743422545
14995.0,3.6888794541139363,1.0986122886681098,5.456303538604819
14997.0,3.8501476017100584,1.6094379124341003,6.2952291003898075
14998.0,5.14166355650266,1.0986122886681098,6.06580642047611
15000.0,3.8918202981106265,0.6931471805599453,6.197502630519253
15002.0,4.762173934797756,1.6094379124341003,7.404133033112973
15004.0,4.997212273764115,0.6931471805599453,7.128752528637921
15005.0,2.833213344056216,3.58351893845611,8.729314621715348
15006.0,3.9512437185814275,0.6931471805599453,6.220769080535664
15007.0,5.075173815233827,0.6931471805599453,5.062025250478552
15009.0,2.5649493574615367,1.3862943611198906,7.141070918737701
15010.0,3.6109179126442243,0.6931471805599453,5.736378730359189
15012.0,4.007333185232471,1.0986122886681098,6.049827790404897
15014.0,3.784189633918261,1.0986122886681098,5.56517153628838
15016.0,5.159055299214529,0.6931471805599453,5.141897447276735
15017.0,3.5553480614894135,0.6931471805599453,4.840874519347159
15018.0,3.6888794541139363,1.6094379124341003,6.125252156906081
15019.0,5.5909869805108565,0.6931471805599453,5.58724865840025
15021.0,2.302585092994046,2.6390573296152584,7.535446184063466
15022.0,2.5649493574615367,1.6094379124341003,6.809083455178767
15023.0,1.3862943611198906,2.5649493574615367,8.819393364380927
15024.0,2.3978952727983707,2.3978952727983707,7.415975511662447
15025.0,3.5263605246161616,0.6931471805599453,5.934920650296115
15026.0,4.394449154672439,1.3862943611198906,6.152732694704104
15027.0,3.4657359027997265,1.9459101490553132,6.959351027625788
15028.0,2.1972245773362196,1.6094379124341003,6.442747151414763
15030.0,4.290459441148391,1.0986122886681098,6.252443236725213
15031.0,1.6094379124341003,1.6094379124341003,6.505993305798354
15032.0,5.54907608489522,1.791759469228055,8.404046889476376
15033.0,1.791759469228055,2.4849066497880004,7.852446861377043
15034.0,2.833213344056216,2.4849066497880004,8.36139515544263
15035.0,4.51085950651685,0.6931471805599453,5.536270709515726
15036.0,4.290459441148391,1.3862943611198906,6.145365195680031
15038.0,3.784189633918261,2.0794415416798357,6.502175164260966
15039.0,2.3978952727983707,3.970291913552122,9.892802671967361
15041.0,5.14166355650266,0.6931471805599453,5.200428865728911
15042.0,5.298317366548036,0.6931471805599453,4.919469846344143
15043.0,3.4657359027997265,0.6931471805599453,6.2878585601617845
15044.0,2.995732273553991,3.1354942159291497,8.939892926445955
15045.0,5.030437921392435,1.3862943611198906,6.453089422426351
15046.0,2.302585092994046,2.833213344056216,8.530111391014497
15047.0,5.602118820879701,0.6931471805599453,5.842442360714953
15048.0,4.189654742026425,1.791759469228055,5.944294320131503
15049.0,5.616771097666572,0.6931471805599453,4.8054135174159684
15050.0,3.258096538021482,1.791759469228055,7.454818324154672
15051.0,3.1780538303479458,1.3862943611198906,7.238934963295533
15052.0,5.768320995793772,0.6931471805599453,5.378883014387604
15053.0,1.791759469228055,1.3862943611198906,6.549350267911373
15054.0,2.5649493574615367,1.0986122886681098,5.714062784063757
15057.0,5.62040086571715,1.0986122886681098,7.306866913118126
15058.0,3.258096538021482,2.4849066497880004,7.661992855221969
15059.0,3.7376696182833684,2.4849066497880004,7.190540380821211
15060.0,2.1972245773362196,1.6094379124341003,5.717323710222868
15061.0,1.6094379124341003,4.02535169073515,10.900984745429366
15062.0,4.276666119016055,1.6094379124341003,6.896552764474143
15063.0,5.365976015021851,0.6931471805599453,5.918356075287344
15065.0,3.6635616461296463,1.9459101490553132,8.051015832652343
15066.0,3.4965075614664802,1.0986122886681098,6.635408353138852
15067.0,4.3694478524670215,1.3862943611198906,7.464945269906789
15068.0,3.8501476017100584,1.0986122886681098,6.317814295200602
15069.0,5.19295685089021,0.6931471805599453,7.012592657827759
15070.0,5.924255797414532,0.6931471805599453,4.674696248636701
15071.0,4.553876891600541,1.0986122886681098,6.890680328191671
15073.0,2.3978952727983707,1.6094379124341003,6.419066158211628
15074.0,4.663439094112067,0.6931471805599453,6.619899858173064
15075.0,4.3694478524670215,0.6931471805599453,6.651610632528512
15076.0,5.159055299214529,0.6931471805599453,6.782021973516374
15078.0,2.0794415416798357,3.6635616461296463,9.172051624408033
15079.0,5.365976015021851,1.791759469228055,6.796443757830871
15081.0,3.1354942159291497,1.9459101490553132,6.191032361893486
15083.0,5.552959584921617,0.6931471805599453,4.490881039585964
15087.0,5.645446897643238,0.6931471805599453,5.7299049588017725
15088.0,3.091042453358316,1.3862943611198906,7.039896956399654
15089.0,2.3978952727983707,1.9459101490553132,7.7922828608243835
15090.0,5.733341276897746,0.6931471805599453,5.946257954269902
15091.0,4.007333185232471,1.0986122886681098,6.169527046981553
15092.0,5.375278407684165,1.0986122886681098,6.1286361810072245
15093.0,2.9444389791664403,2.302585092994046,8.391888438436006
15095.0,4.653960350157523,1.791759469228055,7.2194223966843785
15096.0,3.784189633918261,0.6931471805599453,5.3953987041986
15097.0,1.6094379124341003,0.6931471805599453,5.517774130004251
15098.0,5.209486152841421,1.791759469228055,6.47774129795256
15099.0,4.442651256490317,0.6931471805599453,6.019760416262829
15100.0,5.802118375377063,1.9459101490553132,6.455355783684759
15101.0,2.302585092994046,1.3862943611198906,5.739889370549484
15103.0,3.4657359027997265,1.0986122886681098,6.557289589092577
15104.0,5.123963979403259,1.3862943611198906,6.911289027930276
15105.0,2.9444389791664403,2.0794415416798357,7.740633966671485
15106.0,2.9444389791664403,2.0794415416798357,7.250443868270067
15107.0,5.7430031878094825,2.1972245773362196,5.516086501524791
15108.0,4.962844630259907,1.791759469228055,7.164527011276331
15109.0,5.488937726156687,1.0986122886681098,6.141499626601553
15110.0,3.2188758248682006,2.0794415416798357,6.878583901681857
15111.0,3.4011973816621555,1.3862943611198906,7.357862276513416
15113.0,2.3978952727983707,1.6094379124341003,8.143345929311863
15114.0,3.4339872044851463,2.3978952727983707,7.923551016427315
15115.0,2.9444389791664403,0.6931471805599453,5.832205005910728
15116.0,2.9444389791664403,1.6094379124341003,7.2106337983152
15117.0,2.772588722239781,1.9459101490553132,7.346738976556427
15118.0,4.90527477843843,0.6931471805599453,5.504518197131935
15119.0,5.5093883366279774,0.6931471805599453,5.588745664667843
15120.0,4.875197323201151,1.0986122886681098,5.843022541747705
15121.0,3.9318256327243257,1.0986122886681098,6.12844000213506
15122.0,4.454347296253507,1.9459101490553132,7.385931670041884
15123.0,2.0794415416798357,1.0986122886681098,7.696353538510563
15124.0,3.1780538303479458,1.0986122886681098,5.221382325073914
15125.0,3.258096538021482,3.1780538303479458,9.31632519271503
15127.0,4.204692619390966,0.6931471805599453,6.010114549603027
15128.0,4.110873864173311,2.1972245773362196,7.258792359996692
15129.0,3.9318256327243257,2.4849066497880004,8.14566563433577
15130.0,5.14166355650266,0.6931471805599453,5.802450646452902
15132.0,2.9444389791664403,1.791759469228055,6.886460138441978
15133.0,4.859812404361672,1.3862943611198906,6.891036292375263
15134.0,2.772588722239781,2.1972245773362196,7.236332143304382
15135.0,5.455321115357702,1.0986122886681098,4.85320145281008
15136.0,1.3862943611198906,1.791759469228055,7.157307043572648
15139.0,5.484796933490655,1.0986122886681098,5.192734603972972
15140.0,3.970291913552122,2.1972245773362196,7.762596048540069
15142.0,3.8501476017100584,0.6931471805599453,6.214087963175304
15143.0,5.424950017481403,0.6931471805599453,5.562410904191201
15144.0,2.1972245773362196,2.9444389791664403,8.784321474520251
15145.0,1.6094379124341003,1.6094379124341003,7.0865121565162825
15146.0,5.111987788356544,1.3862943611198906,7.181333356047644
15147.0,5.393627546352362,1.0986122886681098,6.412885022006273
15148.0,2.4849066497880004,0.6931471805599453,5.711386821516136
15149.0,4.90527477843843,0.6931471805599453,6.257284372702628
15150.0,2.8903717578961645,2.4849066497880004,8.57639939598968
15152.0,2.3978952727983707,2.833213344056216,8.452172420681686
15153.0,3.4657359027997265,0.6931471805599453,5.799849943402434
15154.0,4.31748811353631,1.0986122886681098,5.485916638337356
15156.0,0.6931471805599453,1.3862943611198906,6.869523676497577
15157.0,1.6094379124341003,1.791759469228055,7.533961053788201
15158.0,3.828641396489095,0.6931471805599453,5.9974466187855295
15159.0,1.0986122886681098,3.5553480614894135,9.829554641981307
15160.0,5.8805329864007,0.6931471805599453,5.069909985558728
15163.0,2.9444389791664403,1.0986122886681098,5.721851574117079
15164.0,4.248495242049359,1.3862943611198906,6.738211734547398
15165.0,5.924255797414532,0.6931471805599453,6.1918511112995755
15167.0,5.7745515455444085,0.6931471805599453,5.099866427824199
15168.0,3.295836866004329,0.6931471805599453,4.678048831400664
15171.0,5.786897381366708,1.0986122886681098,6.942639680835639
15172.0,2.302585092994046,1.791759469228055,7.393293863521244
15174.0,5.780743515792329,0.6931471805599453,4.91815444130209
15175.0,4.290459441148391,0.6931471805599453,5.416722430926658
15178.0,5.564520407322694,0.6931471805599453,3.7256934272366524
15179.0,2.9444389791664403,2.0794415416798357,7.690377465969685
15180.0,5.908082938168931,0.6931471805599453,4.483002552013883
15181.0,4.204692619390966,1.791759469228055,6.523973381705114
15182.0,5.043425116919247,1.0986122886681098,6.43590995485703
15184.0,3.4011973816621555,1.0986122886681098,6.010678766031786
15185.0,4.2626798770413155,0.6931471805599453,5.741784496789209
15186.0,2.70805020110221,1.0986122886681098,6.022018000151438
15187.0,1.0986122886681098,2.9444389791664403,8.449145587308987
15189.0,0.6931471805599453,3.9889840465642745,9.667963933447252
15192.0,4.795790545596741,1.3862943611198906,6.952078337618801
15193.0,4.127134385045092,0.6931471805599453,6.215247893709531
15194.0,1.3862943611198906,3.1354942159291497,8.925609939147138
15195.0,1.3862943611198906,0.6931471805599453,8.258940462988459
15197.0,2.302585092994046,1.791759469228055,6.4883535051351
15198.0,4.532599493153256,1.0986122886681098,5.2711516984752675
15199.0,4.0943445622221,1.6094379124341003,7.1465359310757455
15201.0,4.382026634673881,2.4849066497880004,6.833936495778491
15203.0,3.295836866004329,1.9459101490553132,7.511415293040546
15204.0,5.8805329864007,0.6931471805599453,5.760729755097951
15205.0,4.454347296253507,1.3862943611198906,6.476710790220996
15206.0,2.3978952727983707,1.6094379124341003,6.04334516898497
15208.0,0.6931471805599453,1.9459101490553132,6.766905745394007
15210.0,5.420534999272286,0.6931471805599453,5.805676990670853
15211.0,4.110873864173311,1.0986122886681098,6.797281713937488
15212.0,5.480638923341991,1.0986122886681098,4.499253960396542
15213.0,5.768320995793772,1.3862943611198906,5.787050743839211
15214.0,1.0986122886681098,2.1972245773362196,7.416041681653177
15215.0,3.828641396489095,1.9459101490553132,6.424852816318616
15216.0,4.48863636973214,0.6931471805599453,4.580877493419047
15218.0,2.4849066497880004,2.4849066497880004,8.658326367134135
15219.0,5.176149732573829,0.6931471805599453,5.7260330835910205
15220.0,3.970291913552122,2.0794415416798357,7.473023632453653
15221.0,5.905361848054571,1.0986122886681098,4.745801315727837
15222.0,5.768320995793772,0.6931471805599453,6.373319789577012
15223.0,5.424950017481403,1.3862943611198906,6.122273487219396
15224.0,5.883322388488279,1.3862943611198906,5.741335130708785
15225.0,5.459585514144159,0.6931471805599453,6.01713229385656
15226.0,5.7430031878094825,0.6931471805599453,5.04606678592752
15227.0,3.6375861597263857,1.791759469228055,7.106933952842515
15228.0,4.204692619390966,1.791759469228055,8.125027255971407
15230.0,5.480638923341991,1.0986122886681098,6.065179584930263
15232.0,4.736198448394496,1.0986122886681098,6.418462810428566
15234.0,5.627621113690637,0.6931471805599453,5.288267030694535
15235.0,5.389071729816501,2.5649493574615367,7.718023053610256
15236.0,5.703782474656201,0.6931471805599453,5.7747068129929
15237.0,1.0986122886681098,1.6094379124341003,7.253696825551129
15238.0,3.4011973816621555,1.791759469228055,6.963700735264185
15239.0,2.3978952727983707,1.3862943611198906,6.640320179534802
15240.0,3.828641396489095,2.0794415416798357,7.430452159718027
15241.0,4.219507705176107,2.302585092994046,7.461404732259042
15243.0,4.31748811353631,0.6931471805599453,5.7610445868229965
15244.0,4.189654742026425,1.0986122886681098,6.449790886414747
15245.0,4.90527477843843,1.3862943611198906,7.83075942537543
15246.0,5.476463551931511,1.0986122886681098,6.244458120391077
15247.0,4.812184355372417,0.6931471805599453,5.877735781779639
15249.0,3.4965075614664802,2.772588722239781,8.803628486964604
15251.0,2.302585092994046,2.772588722239781,9.242624583128165
15252.0,3.6109179126442243,1.0986122886681098,6.60905270324689
15253.0,2.833213344056216,1.9459101490553132,6.820343821971168
15254.0,4.852030263919617,0.6931471805599453,5.708305563383786
15255.0,4.219507705176107,0.6931471805599453,6.793297957004312
15256.0,5.0106352940962555,0.6931471805599453,4.599655005299981
15257.0,5.641907070938114,1.0986122886681098,5.45168202325433
15258.0,5.135798437050262,1.0986122886681098,6.4364067457583465
15260.0,4.61512051684126,2.1972245773362196,7.485362531238302
15261.0,4.912654885736052,0.6931471805599453,5.544474072171247
15262.0,5.783825182329737,0.6931471805599453,5.19267903452504
15263.0,4.68213122712422,0.6931471805599453,5.059488948313644
15264.0,4.174387269895637,0.6931471805599453,5.978227320325962
15265.0,5.0238805208462765,1.0986122886681098,7.317955823857119
15266.0,5.82600010738045,0.6931471805599453,4.789988622980633
15267.0,3.1354942159291497,1.791759469228055,7.449125626576209
15269.0,3.2188758248682006,0.6931471805599453,6.0156692358048
15270.0,2.833213344056216,2.302585092994046,7.740316515324761
15271.0,2.0794415416798357,2.833213344056216,7.818760064827053
15272.0,4.060443010546419,1.0986122886681098,6.58332623116324
15274.0,1.6094379124341003,1.0986122886681098,6.5758705038506235
15275.0,3.4657359027997265,1.0986122886681098,6.413770384078798
15276.0,4.204692619390966,0.6931471805599453,4.914931703582751
15277.0,3.871201010907891,0.6931471805599453,5.548686904115838
15279.0,5.87493073085203,1.0986122886681098,5.629094847355403
15280.0,5.153291594497779,0.6931471805599453,4.737250526345299
15281.0,4.0943445622221,2.5649493574615367,7.714655162083928
15286.0,3.9318256327243257,0.6931471805599453,5.4870764910004155
15287.0,3.1354942159291497,1.3862943611198906,6.186702329168483
15288.0,3.784189633918261,1.791759469228055,7.743928633728395
15289.0,3.4011973816621555,1.6094379124341003,6.841722308377699
15290.0,1.791759469228055,3.091042453358316,8.962490364225776
15291.0,3.295836866004329,3.044522437723423,8.433270131571271
15292.0,5.308267697401205,0.6931471805599453,5.203676962393915
15296.0,3.8066624897703196,2.3978952727983707,8.191825866388008
15297.0,2.3978952727983707,1.6094379124341003,6.455261454444196
15298.0,1.0986122886681098,2.70805020110221,8.236182151398495
15299.0,4.219507705176107,2.4849066497880004,8.239617213263427
15300.0,4.174387269895637,0.6931471805599453,6.2094749463104435
15301.0,3.9512437185814275,2.70805020110221,8.523000297489986
15303.0,5.673323267171493,0.6931471805599453,6.354404822801145
15304.0,4.127134385045092,2.3978952727983707,6.524002737779623
15306.0,4.174387269895637,1.3862943611198906,7.069321254563527
15307.0,4.574710978503383,0.6931471805599453,5.329331420077207
15308.0,5.605802066295998,1.0986122886681098,5.714623497834076
15311.0,0.6931471805599453,4.77912349311153,10.99239187097936
15312.0,4.330733340286331,1.791759469228055,6.826653677545096
15313.0,4.709530201312334,0.6931471805599453,3.970291913552122
15314.0,5.298317366548036,0.6931471805599453,5.795966561197395
15315.0,4.174387269895637,1.3862943611198906,6.31452582896133
15316.0,5.793013608384144,0.6931471805599453,5.111987788356544
15318.0,1.6094379124341003,0.6931471805599453,5.748182061952885
15319.0,5.652489180268651,0.6931471805599453,5.32544603393629
15320.0,3.8066624897703196,0.6931471805599453,5.591471937527057
15321.0,3.912023005428146,1.6094379124341003,7.8829675361680165
15322.0,4.174387269895637,1.0986122886681098,6.403524527827104
15325.0,4.653960350157523,0.6931471805599453,5.0955277611142185
15326.0,5.814130531825066,0.6931471805599453,5.74527624348556
15327.0,3.9889840465642745,0.6931471805599453,5.345916345347316
15329.0,3.58351893845611,1.791759469228055,6.914234245079846
15330.0,3.4965075614664802,1.0986122886681098,6.5736242994783
15332.0,5.905361848054571,1.6094379124341003,7.415813075846797
15333.0,5.342334251964811,0.6931471805599453,6.936886805488385
15334.0,5.062595033026967,1.3862943611198906,5.8655327755013085
15335.0,4.007333185232471,0.6931471805599453,5.164614530656529
15339.0,4.204692619390966,1.3862943611198906,6.325379946376071
15341.0,4.406719247264253,0.6931471805599453,7.611604982675218
15342.0,4.762173934797756,1.0986122886681098,5.97319873830109
15343.0,4.477336814478207,0.6931471805599453,5.901266279189834
15344.0,0.6931471805599453,1.791759469228055,6.168731685154665
15345.0,3.58351893845611,1.0986122886681098,5.909956182550611
15346.0,5.811140992976701,0.6931471805599453,5.5350481913707625
15347.0,5.905361848054571,0.6931471805599453,5.311233591814583
15348.0,4.290459441148391,0.6931471805599453,5.069155742908264
15349.0,5.0689042022202315,1.0986122886681098,6.1629147240133015
15350.0,5.924255797414532,0.6931471805599453,4.759177998467439
15351.0,2.5649493574615367,2.3978952727983707,7.530018515389528
15353.0,5.545177444479562,1.0986122886681098,6.656752230788848
15355.0,3.4011973816621555,1.0986122886681098,5.627800953633573
15356.0,3.4657359027997265,2.3978952727983707,7.925699664582792
15358.0,1.791759469228055,3.4011973816621555,9.016245784219997
15360.0,3.713572066704308,0.6931471805599453,6.061293735451147
15361.0,5.8944028342648505,0.6931471805599453,6.040064216944044
15363.0,5.488937726156687,1.0986122886681098,5.765347830314356
15364.0,4.574710978503383,1.0986122886681098,6.818038427312331
15365.0,3.295836866004329,2.302585092994046,7.194023852915411
15366.0,4.330733340286331,1.0986122886681098,6.40276261040859
15367.0,4.060443010546419,1.791759469228055,7.532992929600144
15368.0,3.091042453358316,0.6931471805599453,6.104659294874325
15369.0,4.976733742420574,0.6931471805599453,
15370.0,3.7376696182833684,2.1972245773362196,7.767073462095301
15372.0,4.927253685157205,0.6931471805599453,7.605093664160551
15373.0,2.1972245773362196,2.6390573296152584,7.702605795864553
15374.0,4.867534450455582,0.6931471805599453,5.1298987149230735
15376.0,3.713572066704308,1.3862943611198906,7.118307896116917
15379.0,5.135798437050262,2.1972245773362196,8.197783753755658
15380.0,2.302585092994046,1.9459101490553132,7.428547075059978
15381.0,5.3706380281276624,1.0986122886681098,6.393339886365589
15382.0,2.772588722239781,2.1972245773362196,8.687587230677696
15384.0,5.14166355650266,1.3862943611198906,6.456392818486935
15385.0,3.713572066704308,0.6931471805599453,5.761673953071979
15386.0,5.231108616854587,0.6931471805599453,5.979240132485259
15388.0,5.602118820879701,0.6931471805599453,4.952582362647639
15389.0,5.153291594497779,0.6931471805599453,6.2166061010848646
15392.0,1.791759469228055,1.791759469228055,7.324311980646794
15393.0,2.833213344056216,1.0986122886681098,5.45043741460887
15394.0,2.3978952727983707,1.6094379124341003,7.6891605590501255
15395.0,5.7899601708972535,0.6931471805599453,4.6862892372728835
15396.0,4.736198448394496,0.6931471805599453,5.66704933159998
15397.0,5.673323267171493,0.6931471805599453,4.553876891600541
15398.0,2.833213344056216,1.3862943611198906,7.200894931713156
15399.0,0.6931471805599453,1.3862943611198906,6.705357537478585
15400.0,4.532599493153256,1.9459101490553132,6.503838970863823
15402.0,5.0106352940962555,1.0986122886681098,6.4421738573469876
15405.0,5.247024072160486,0.6931471805599453,5.85821882796062
15406.0,2.9444389791664403,1.6094379124341003,6.05821156521981
15407.0,3.5553480614894135,1.6094379124341003,6.963606171722143
15408.0,5.579729825986222,0.6931471805599453,5.591658396851496
15410.0,4.442651256490317,2.1972245773362196,8.146662701187065
15411.0,3.295836866004329,1.791759469228055,7.205917245014287
15412.0,5.147494476813453,0.6931471805599453,5.25504445431457
15414.0,2.3978952727983707,1.3862943611198906,6.654023645899904
15415.0,5.749392985908253,0.6931471805599453,6.3522983310705525
15416.0,4.189654742026425,1.791759469228055,8.287873104517601
15417.0,4.454347296253507,0.6931471805599453,6.234018491942015
15419.0,3.258096538021482,0.6931471805599453,4.918958505524352
15421.0,4.0943445622221,1.6094379124341003,6.857892539809733
15422.0,5.780743515792329,1.0986122886681098,4.592084946439436
15423.0,3.6635616461296463,0.6931471805599453,3.7954891891721947
15424.0,5.541263545158426,1.0986122886681098,5.951527577504281
15426.0,2.995732273553991,2.0794415416798357,7.266058895912689
15427.0,3.5263605246161616,1.3862943611198906,7.302590758900265
15428.0,2.772588722239781,0.6931471805599453,4.551558416539442
15429.0,3.332204510175204,1.3862943611198906,5.902360072025162
15432.0,3.1780538303479458,0.6931471805599453,5.148598518298095
15433.0,4.382026634673881,1.3862943611198906,6.037560609250928
15434.0,2.1972245773362196,1.9459101490553132,6.906234122610198
15435.0,3.1354942159291497,0.6931471805599453,5.012566760946003
15436.0,2.5649493574615367,1.3862943611198906,7.024230793538577
15437.0,5.572154032177765,0.6931471805599453,5.304100611303764
15438.0,4.882801922586371,0.6931471805599453,5.059933265817542
15440.0,4.02535169073515,1.3862943611198906,5.952411819844281
15442.0,5.521460917862246,0.6931471805599453,6.38856140554563
15443.0,1.0986122886681098,2.1972245773362196,8.075010155572851
15444.0,2.302585092994046,1.0986122886681098,7.257890888001
15445.0,5.579729825986222,0.6931471805599453,4.740574822994295
15447.0,5.805134968916488,0.6931471805599453,5.050945157499754
15448.0,5.749392985908253,0.6931471805599453,6.2058498567482925
15449.0,3.295836866004329,1.791759469228055,6.879582116298542
15450.0,3.4339872044851463,0.6931471805599453,6.0657367914825695
15452.0,3.4339872044851463,1.3862943611198906,6.291069014516638
15453.0,1.0986122886681098,2.0794415416798357,7.236605685971544
15454.0,5.8944028342648505,0.6931471805599453,5.19351225218191
15456.0,5.648974238161206,1.3862943611198906,6.105284183307442
15457.0,5.572154032177765,0.6931471805599453,5.472564748074418
15458.0,3.258096538021482,0.6931471805599453,5.091539169320091
15460.0,5.872117789475416,0.6931471805599453,5.383393538903156
15462.0,4.553876891600541,1.3862943611198906,5.462135451777431
15463.0,3.4011973816621555,0.6931471805599453,4.845288841508263
15464.0,5.82600010738045,0.6931471805599453,6.956402575803658
15465.0,3.044522437723423,3.2188758248682006,8.845924112654899
15466.0,4.454347296253507,0.6931471805599453,5.815711371192059
15467.0,2.302585092994046,1.6094379124341003,6.240041899679002
15468.0,3.58351893845611,1.791759469228055,6.085546700469121
15469.0,3.784189633918261,1.6094379124341003,6.225548038460526
15471.0,1.0986122886681098,0.6931471805599453,6.153753450151701
15472.0,4.736198448394496,0.6931471805599453,5.920398098674122
15473.0,2.70805020110221,2.3978952727983707,7.290429298789486
15475.0,4.356708826689592,0.6931471805599453,6.120539147973894
15478.0,3.713572066704308,1.0986122886681098,7.274077537572236
15480.0,4.762173934797756,0.6931471805599453,6.809591030194905
15482.0,2.833213344056216,2.833213344056216,8.790226492610058
15483.0,5.087596335232384,1.6094379124341003,5.458776676484857
15484.0,0.6931471805599453,1.791759469228055,8.17866965231194
15485.0,3.4339872044851463,1.3862943611198906,7.853993087224244
15488.0,4.543294782270004,0.6931471805599453,4.52526080275979
15489.0,3.1780538303479458,1.6094379124341003,6.99487748316354
15491.0,4.564348191467836,2.0794415416798357,8.036524896240774
15492.0,3.367295829986474,1.0986122886681098,6.492936561946857
15493.0,3.5263605246161616,2.0794415416798357,7.5849001020645765
15494.0,3.091042453358316,1.0986122886681098,7.170296450877509
15497.0,2.9444389791664403,1.3862943611198906,7.139422401237224
15498.0,0.6931471805599453,3.58351893845611,9.425246891901137
15500.0,2.1972245773362196,1.6094379124341003,7.032235836086242
15502.0,2.833213344056216,3.1780538303479458,8.620193724504569
15503.0,5.8971538676367405,0.6931471805599453,4.997820197049412
15504.0,4.406719247264253,0.6931471805599453,3.985830932572866
15505.0,3.9889840465642745,2.0794415416798357,8.159986677647865
15506.0,3.1780538303479458,1.3862943611198906,6.88781784259962
15507.0,5.153291594497779,0.6931471805599453,6.201239130683238
15508.0,5.247024072160486,1.9459101490553132,6.909024473214282
15510.0,5.805134968916488,0.6931471805599453,5.5254529391317835
15511.0,2.5649493574615367,1.791759469228055,6.813697314828437
15512.0,5.056245805348308,1.0986122886681098,4.804021044733257
15513.0,3.4657359027997265,3.1354942159291497,9.583356665778009
15514.0,2.5649493574615367,2.6390573296152584,7.9943590869255985
15516.0,3.828641396489095,1.3862943611198906,4.149936935645806
15517.0,5.455321115357702,0.6931471805599453,5.591098914544516
15518.0,4.174387269895637,2.6390573296152584,7.556370466480142
15520.0,1.0986122886681098,0.6931471805599453,5.842094090453713
15521.0,3.6109179126442243,2.6390573296152584,7.853857208427922
15522.0,3.5263605246161616,1.0986122886681098,5.991064467086642
15523.0,4.442651256490317,0.6931471805599453,6.023471805742962
15524.0,3.258096538021482,0.6931471805599453,6.089044875446846
15525.0,1.0986122886681098,1.6094379124341003,6.699524970400223
15526.0,3.5263605246161616,1.0986122886681098,5.006894974480533
15527.0,2.995732273553991,2.3978952727983707,7.76209400845992
15528.0,5.541263545158426,0.6931471805599453,5.4395130632148145
15529.0,3.1780538303479458,2.5649493574615367,8.28621402166755
15530.0,3.1354942159291497,1.6094379124341003,7.315451230241661
15531.0,2.1972245773362196,1.0986122886681098,7.605113580313547
15532.0,3.258096538021482,1.9459101490553132,7.325201657489196
15533.0,2.995732273553991,1.791759469228055,6.61729602038306
15535.0,5.159055299214529,2.0794415416798357,6.133181099726462
15537.0,5.099866427824199,0.6931471805599453,4.717784330357226
15539.0,2.0794415416798357,0.6931471805599453,6.290568639224737
15540.0,2.4849066497880004,0.6931471805599453,5.367376902479531
15541.0,4.74493212836325,0.6931471805599453,4.455857782801083
15543.0,5.666426688112432,0.6931471805599453,4.858726543710496
15544.0,2.302585092994046,2.4849066497880004,8.172873040314904
15545.0,4.007333185232471,1.0986122886681098,5.68262693258341
15547.0,2.0794415416798357,2.70805020110221,8.50832195812781
15549.0,4.356708826689592,1.6094379124341003,7.412619166863807
15550.0,1.6094379124341003,1.6094379124341003,6.357200812987149
15551.0,3.6375861597263857,0.6931471805599453,6.080070485442007
15552.0,5.384495062789089,0.6931471805599453,4.512177319138927
15553.0,4.110873864173311,0.6931471805599453,6.082743886707506
15554.0,5.631211781821365,0.6931471805599453,5.38541207339897
15555.0,2.5649493574615367,3.044522437723423,8.467834865873696
15556.0,3.2188758248682006,0.6931471805599453,5.637535828837275
15557.0,3.4011973816621555,0.6931471805599453,6.162577690327808
15561.0,2.5649493574615367,1.791759469228055,6.584432211866017
15562.0,5.8664680569332965,0.6931471805599453,4.909340575944674
15563.0,2.302585092994046,2.0794415416798357,7.185909606278835
15565.0,3.9318256327243257,1.0986122886681098,5.159974416926292
15567.0,2.995732273553991,0.6931471805599453,5.231162091360629
15568.0,1.3862943611198906,1.3862943611198906,6.6323837861074395
15569.0,4.653960350157523,1.791759469228055,7.227451873789157
15570.0,2.0794415416798357,2.6390573296152584,8.321414289376724
15571.0,2.5649493574615367,1.6094379124341003,6.47916994643317
15572.0,1.791759469228055,2.0794415416798357,7.845361219115093
15573.0,3.4965075614664802,1.0986122886681098,6.410914739782809
15574.0,5.187385805840755,1.6094379124341003,6.555712447369967
15576.0,3.6635616461296463,0.6931471805599453,6.8476548947291755
15577.0,5.0238805208462765,1.3862943611198906,5.5602199860123305
15578.0,5.093750200806762,0.6931471805599453,4.852811208902689
15579.0,4.248495242049359,1.0986122886681098,5.85678964378138
15581.0,4.804021044733257,2.70805020110221,8.140598299013751
15582.0,3.258096538021482,1.3862943611198906,6.527826330017913
15584.0,3.2188758248682006,1.791759469228055,6.584252573215587
15585.0,5.181783550292085,0.6931471805599453,6.123150487933357
15587.0,3.9318256327243257,1.6094379124341003,6.818574277330894
15589.0,5.537334267018537,1.6094379124341003,6.125951732816734
15590.0,5.66988092298052,0.6931471805599453,
15592.0,3.871201010907891,0.6931471805599453,5.965069235748451
15593.0,4.276666119016055,0.6931471805599453,5.302309387817574
15594.0,2.833213344056216,1.9459101490553132,7.47790397203007
15596.0,4.624972813284271,2.302585092994046,7.2036584652804905
15597.0,3.4339872044851463,1.0986122886681098,5.758018102797875
15598.0,3.58351893845611,1.3862943611198906,5.466709017808493
15599.0,3.332204510175204,1.0986122886681098,6.636917213055248
15601.0,2.4849066497880004,2.8903717578961645,8.816758379154749
15602.0,2.1972245773362196,2.772588722239781,6.988994193991239
15603.0,4.382026634673881,0.6931471805599453,3.9015685475242874
15604.0,3.970291913552122,0.6931471805599453,5.381692975469088
15605.0,3.6109179126442243,1.791759469228055,7.089434963153261
15606.0,4.060443010546419,2.4849066497880004,7.793025821308297
15607.0,5.823045895483019,0.6931471805599453,4.6611723761033765
15608.0,3.367295829986474,1.6094379124341003,6.998217362097996
15609.0,5.214935757608986,1.0986122886681098,5.602229515859797
15610.0,3.970291913552122,0.6931471805599453,4.731450351898421
15611.0,2.3978952727983707,2.772588722239781,7.358442287811214
15612.0,3.6109179126442243,1.0986122886681098,5.278879672655561
15615.0,2.3978952727983707,3.332204510175204,9.245807896875514
15618.0,3.5263605246161616,1.791759469228055,6.617444420965972
15619.0,2.4849066497880004,0.6931471805599453,5.821269170111868
15620.0,3.9318256327243257,1.9459101490553132,7.330011949730138
15621.0,1.6094379124341003,1.9459101490553132,7.055976988579084
15622.0,1.3862943611198906,2.833213344056216,8.078852556812627
15623.0,4.955827057601261,0.6931471805599453,5.7105263501895465
15624.0,4.770684624465665,1.6094379124341003,6.3786468723710446
15625.0,4.61512051684126,2.1972245773362196,7.31692020099679
15626.0,4.330733340286331,1.0986122886681098,6.517375808292013
15628.0,1.791759469228055,2.3978952727983707,7.9608958912046415
15630.0,3.828641396489095,1.3862943611198906,7.074455454873135
15632.0,2.833213344056216,2.3978952727983707,8.054621079911291
15634.0,2.8903717578961645,0.6931471805599453,5.499419786985366
15636.0,4.51085950651685,1.0986122886681098,6.587219381659278
15637.0,3.9889840465642745,0.6931471805599453,5.413251904640136
15638.0,5.71042701737487,0.6931471805599453,
15639.0,4.90527477843843,0.6931471805599453,6.055190237988527
15640.0,1.6094379124341003,2.8903717578961645,9.428217278833749
15641.0,4.663439094112067,1.6094379124341003,7.543379273298417
15643.0,5.19295685089021,1.9459101490553132,6.474507789861521
15644.0,5.117993812416755,1.6094379124341003,6.70196036600254
15645.0,2.995732273553991,0.6931471805599453,6.418381249016855
15646.0,5.0689042022202315,1.6094379124341003,6.054767930777221
15648.0,5.3230099791384085,1.6094379124341003,6.398428531339882
15649.0,5.820082930352362,1.0986122886681098,6.705639094860003
15651.0,3.6375861597263857,1.3862943611198906,6.472809865551464
15652.0,4.5217885770490405,0.6931471805599453,5.825232851462975
15653.0,4.543294782270004,1.0986122886681098,6.7781476070590925
15654.0,2.302585092994046,1.0986122886681098,6.828203284222655
15655.0,5.455321115357702,1.0986122886681098,6.23894942980835
15656.0,3.828641396489095,1.6094379124341003,6.619406317542652
15657.0,3.1780538303479458,0.6931471805599453,3.4339872044851463
15658.0,5.25227342804663,2.1972245773362196,6.866829112369492
15659.0,3.8066624897703196,0.6931471805599453,5.7283124723994785
15660.0,3.258096538021482,2.5649493574615367,7.347950262277988
15661.0,5.762051382780177,1.0986122886681098,5.739149618493492
15663.0,4.672828834461906,0.6931471805599453,4.935480620495495
15664.0,3.9512437185814275,1.0986122886681098,5.885075725146629
15665.0,5.1298987149230735,1.0986122886681098,7.7155739928250275
15667.0,3.713572066704308,0.6931471805599453,5.711486059041233
15668.0,5.389071729816501,0.6931471805599453,4.34795265434013
15669.0,3.713572066704308,1.791759469228055,6.520164469550775
15670.0,5.697093486505405,0.6931471805599453,5.159342614257448
15671.0,2.995732273553991,2.3978952727983707,7.877203766056068
15673.0,4.48863636973214,1.6094379124341003,7.966246716160649
15674.0,4.30406509320417,2.1972245773362196,7.464521295888899
15675.0,4.406719247264253,1.3862943611198906,5.782870880975165
15676.0,2.302585092994046,1.791759469228055,8.109252020392805
15677.0,3.912023005428146,0.6931471805599453,6.489554414321968
15678.0,3.9889840465642745,0.6931471805599453,5.868449096211435
15679.0,3.2188758248682006,1.6094379124341003,6.6622127327244485
15680.0,2.302585092994046,1.3862943611198906,7.1964468417270915
15681.0,2.9444389791664403,1.9459101490553132,6.853679168783466
15683.0,4.770684624465665,0.6931471805599453,5.271716684750857
15687.0,2.302585092994046,2.4849066497880004,8.000517153972071
15689.0,4.795790545596741,1.0986122886681098,5.541655625147766
15690.0,1.6094379124341003,1.0986122886681098,5.48380058667957
15691.0,5.53338948872752,0.6931471805599453,4.925803358579558
15692.0,3.367295829986474,0.6931471805599453,5.25770368366274
15694.0,0.6931471805599453,2.772588722239781,8.767889651016047
15695.0,5.5909869805108565,1.0986122886681098,6.018544551511725
15696.0,3.5263605246161616,2.5649493574615367,7.880600242214758
15699.0,2.9444389791664403,0.6931471805599453,5.738666876509702
15700.0,5.153291594497779,1.3862943611198906,6.499832152420258
15701.0,1.0986122886681098,1.6094379124341003,7.34157458058683
15703.0,5.583496308781699,0.6931471805599453,5.358941988364472
15704.0,4.948759890378168,1.6094379124341003,7.738322531443156
15705.0,5.308267697401205,0.6931471805599453,4.970507503005476
15706.0,4.110873864173311,2.0794415416798357,6.910561338312599
15707.0,3.58351893845611,1.6094379124341003,6.852855489000475
15708.0,3.7376696182833684,2.4849066497880004,8.110943775819349
15709.0,5.652489180268651,0.6931471805599453,4.899703733388974
15712.0,2.302585092994046,1.791759469228055,6.978549194282216
15713.0,4.969813299576001,1.3862943611198906,5.851483830803552
15714.0,2.5649493574615367,1.0986122886681098,5.804773457796085
15716.0,4.990432586778736,1.6094379124341003,7.0209143070410205
15717.0,5.459585514144159,0.6931471805599453,5.01926462079431
15719.0,3.5263605246161616,2.70805020110221,8.526145004114058
15720.0,3.2188758248682006,0.6931471805599453,6.3964795539357615
15721.0,2.5649493574615367,0.6931471805599453,6.230638915494719
15722.0,3.6109179126442243,1.9459101490553132,7.688093403741889
15723.0,5.902633333401366,0.6931471805599453,5.318610069815799
15724.0,5.308267697401205,1.3862943611198906,5.362699625477305
15725.0,2.772588722239781,0.6931471805599453,6.031286041294654
15727.0,2.8903717578961645,2.0794415416798357,8.552552613215992
15728.0,3.912023005428146,0.6931471805599453,
15729.0,5.293304824724492,1.0986122886681098,4.143134726391533
15730.0,4.204692619390966,1.6094379124341003,7.011556579695878
15732.0,5.3612921657094255,1.0986122886681098,5.68738205328842
15733.0,5.648974238161206,0.6931471805599453,5.095588999976419
15734.0,4.7535901911063645,1.0986122886681098,7.200760657465263
15737.0,2.772588722239781,2.5649493574615367,7.023055234344715
15738.0,2.995732273553991,2.995732273553991,8.474237672550661
15739.0,4.204692619390966,0.6931471805599453,6.109514213881797
15740.0,3.912023005428146,0.6931471805599453,5.049086480470509
15743.0,2.833213344056216,1.6094379124341003,6.666269533420063
15744.0,4.3694478524670215,0.6931471805599453,3.5779478934066544
15745.0,2.302585092994046,1.9459101490553132,6.977505197170241
15746.0,4.90527477843843,1.0986122886681098,5.214718342671723
15747.0,2.6390573296152584,1.3862943611198906,6.882478495797344
15748.0,3.713572066704308,0.6931471805599453,5.012699828145135
15749.0,5.4638318050256105,1.6094379124341003,9.977523022061598
15750.0,1.3862943611198906,2.302585092994046,7.804753093635858
15752.0,3.713572066704308,2.1972245773362196,7.874712508848018
15753.0,5.723585101952381,0.6931471805599453,4.384523514872469
15754.0,3.9512437185814275,1.6094379124341003,6.123961029397495
15755.0,0.6931471805599453,2.1972245773362196,7.749270739184685
15756.0,4.127134385045092,1.6094379124341003,6.280320929787532
15757.0,4.204692619390966,1.0986122886681098,6.572869782822179
15758.0,3.258096538021482,0.6931471805599453,5.32908902521479
15759.0,5.389071729816501,1.3862943611198906,5.537491734934774
15762.0,4.189654742026425,1.0986122886681098,6.371184405464288
15763.0,3.4965075614664802,1.3862943611198906,6.956231108039178
15764.0,4.406719247264253,2.3978952727983707,8.08532353118507
15766.0,4.174387269895637,0.6931471805599453,5.755932068980957
15768.0,4.762173934797756,1.6094379124341003,6.367895548631091
15769.0,2.0794415416798357,3.4011973816621555,10.855622534491507
15773.0,1.9459101490553132,0.6931471805599453,6.4562671745616536
15774.0,4.248495242049359,0.6931471805599453,5.605066501717044
15775.0,5.5053315359323625,0.6931471805599453,4.662495252607361
15776.0,4.897839799950911,0.6931471805599453,5.491496433342773
15777.0,5.488937726156687,1.791759469228055,6.930113461592804
15780.0,5.220355825078324,1.3862943611198906,6.166005916582974
15781.0,3.258096538021482,1.6094379124341003,5.812816235680323
15782.0,2.3978952727983707,1.6094379124341003,7.861318673945402
15783.0,2.4849066497880004,0.6931471805599453,5.510602174527371
15785.0,3.4339872044851463,2.1972245773362196,7.742727489678704
15786.0,3.8066624897703196,1.791759469228055,8.48367777207842
15787.0,3.295836866004329,1.3862943611198906,6.855461484261003
15789.0,5.883322388488279,0.6931471805599453,5.864483085347192
15790.0,2.3978952727983707,0.6931471805599453,5.402001477824919
15791.0,3.8066624897703196,1.3862943611198906,7.381153141295888
15793.0,2.302585092994046,1.6094379124341003,6.856419878444977
15795.0,5.017279836814924,0.6931471805599453,6.415113325649775
15796.0,0.6931471805599453,2.3978952727983707,7.888938219439084
15797.0,4.736198448394496,1.6094379124341003,7.70002355040989
15799.0,4.343805421853684,1.3862943611198906,6.785745824587275
15800.0,4.68213122712422,1.0986122886681098,6.551194614227576
15801.0,3.8501476017100584,1.6094379124341003,6.950038605236873
15802.0,4.969813299576001,1.3862943611198906,
15803.0,3.9512437185814275,0.6931471805599453,6.032654473932845
15804.0,0.6931471805599453,2.995732273553991,8.255711537333584
15805.0,3.1780538303479458,3.044522437723423,8.60395236993984
15806.0,3.8501476017100584,1.3862943611198906,6.666422298467717
15807.0,3.9318256327243257,1.3862943611198906,6.807824440357088
15808.0,5.726847747587197,1.791759469228055,8.223028820861197
15809.0,3.6109179126442243,1.9459101490553132,5.991989409343697
15810.0,4.382026634673881,2.0794415416798357,7.044408045048046
15811.0,2.8903717578961645,2.302585092994046,7.683550999851971
15812.0,4.68213122712422,1.791759469228055,7.496730126604398
15813.0,5.342334251964811,1.0986122886681098,7.173889351861321
15814.0,1.3862943611198906,1.9459101490553132,7.5195459725716685
15815.0,4.174387269895637,1.791759469228055,7.65045423837133
15819.0,3.912023005428146,1.6094379124341003,7.552998152884997
15820.0,5.771441123130016,0.6931471805599453,5.337441921232086
15821.0,3.8066624897703196,1.0986122886681098,6.349069058864647
15822.0,1.3862943611198906,1.0986122886681098,6.787247283994098
15823.0,5.823045895483019,1.0986122886681098,
15825.0,5.153291594497779,0.6931471805599453,6.2802834730968256
15826.0,3.9512437185814275,1.6094379124341003,7.4087487249146164
15827.0,4.30406509320417,3.044522437723423,7.403962573724509
15829.0,4.605170185988092,1.0986122886681098,6.456989411643809
15830.0,3.4011973816621555,1.0986122886681098,6.30755184406493
15831.0,4.07753744390572,1.6094379124341003,6.618418504933128
15832.0,5.541263545158426,0.6931471805599453,6.7307674724187825
15834.0,4.2626798770413155,1.9459101490553132,7.6429556957730815
15835.0,3.8066624897703196,1.6094379124341003,6.861805576878038
15836.0,3.828641396489095,1.0986122886681098,4.7746597639666675
15837.0,4.189654742026425,0.6931471805599453,5.97375871998905
15838.0,2.4849066497880004,3.091042453358316,10.414865823564485
15839.0,3.258096538021482,1.791759469228055,6.929262335266568
15840.0,4.0943445622221,1.3862943611198906,5.848344472513165
15841.0,4.174387269895637,1.9459101490553132,7.098458279804007
15843.0,5.720311776607412,0.6931471805599453,4.787074989285704
15844.0,3.8501476017100584,0.6931471805599453,4.880830283212546
15845.0,2.9444389791664403,2.3978952727983707,8.202994644148086
15847.0,3.6635616461296463,1.0986122886681098,5.966838807281578
15850.0,2.995732273553991,1.0986122886681098,5.480013727948073
15852.0,5.236441962829949,1.0986122886681098,5.085804607589853
15853.0,3.970291913552122,0.6931471805599453,4.716711560720999
15854.0,1.6094379124341003,2.5649493574615367,7.998217781509793
15855.0,4.927253685157205,1.791759469228055,6.569817969665846
15856.0,1.6094379124341003,3.4657359027997265,9.691201717306267
15857.0,2.995732273553991,0.6931471805599453,5.697093486505405
15858.0,2.833213344056216,1.791759469228055,7.272294220477655
15860.0,3.7376696182833684,2.1972245773362196,6.885724370911315
15861.0,2.5649493574615367,2.302585092994046,8.006820798259069
15862.0,2.1972245773362196,1.6094379124341003,6.726089507114236
15863.0,3.295836866004329,1.0986122886681098,4.246206911531347
15864.0,3.1354942159291497,2.1972245773362196,7.479175406463958
15865.0,3.7376696182833684,1.3862943611198906,6.798085491736212
15866.0,4.624972813284271,0.6931471805599453,5.444709454763107
15867.0,1.791759469228055,2.833213344056216,8.242437873955097
15869.0,5.627621113690637,1.0986122886681098,5.014892884348897
15870.0,3.5263605246161616,0.6931471805599453,5.872371278471126
15872.0,2.772588722239781,1.0986122886681098,5.8914508229616045
15874.0,4.1588830833596715,2.302585092994046,8.373708427933925
15877.0,1.0986122886681098,1.3862943611198906,6.090812020608681
15880.0,5.91350300563827,1.0986122886681098,5.750284308307621
15881.0,5.746203190540153,2.1972245773362196,6.085045960729513
15882.0,5.298317366548036,1.791759469228055,6.207301469906419
15883.0,1.0986122886681098,1.0986122886681098,5.9851446183631625
15885.0,4.543294782270004,1.3862943611198906,5.9410918814433105
15886.0,4.110873864173311,0.6931471805599453,5.204501070343752
15888.0,4.394449154672439,1.0986122886681098,4.957726660663075
15889.0,5.062595033026967,1.0986122886681098,6.104503011733608
15891.0,5.429345628954441,0.6931471805599453,6.2643882485842175
15894.0,5.537334267018537,1.0986122886681098,5.5780302693501405
15895.0,5.017279836814924,0.6931471805599453,5.1939008496276085
15897.0,5.272999558563747,1.0986122886681098,5.407395961574274
15898.0,0.6931471805599453,1.9459101490553132,7.233946272862025
15899.0,5.91350300563827,0.6931471805599453,4.047427642434349
15900.0,3.2188758248682006,0.6931471805599453,5.863943626780142
15901.0,2.8903717578961645,1.3862943611198906,5.899568532403445
15903.0,2.3978952727983707,2.1972245773362196,8.542342285169081
15904.0,2.1972245773362196,0.6931471805599453,5.110058217087329
15906.0,3.044522437723423,2.1972245773362196,7.328299457636242
15907.0,1.6094379124341003,1.3862943611198906,6.875696855288249
15909.0,5.1647859739235145,0.6931471805599453,5.262379259742407
15910.0,0.6931471805599453,2.1972245773362196,7.117351477910972
15912.0,5.187385805840755,1.0986122886681098,5.582066715972105
15916.0,2.833213344056216,2.3978952727983707,7.308033625736307
15917.0,5.517452896464707,0.6931471805599453,4.821087692210561
15918.0,5.2574953720277815,1.0986122886681098,5.814816863409831
15919.0,3.044522437723423,1.0986122886681098,6.462857835330253
15920.0,5.043425116919247,1.6094379124341003,5.126935749792416
15921.0,5.159055299214529,0.6931471805599453,5.820171947161762
15922.0,5.921578419643816,1.0986122886681098,5.8988008622445625
15923.0,5.924255797414532,0.6931471805599453,4.852655068688459
15925.0,5.272999558563747,0.6931471805599453,5.3382589736409845
15930.0,4.219507705176107,0.6931471805599453,6.058258335716989
15932.0,1.6094379124341003,2.4849066497880004,7.809074494926146
15933.0,3.091042453358316,1.3862943611198906,7.010726943606016
15935.0,5.480638923341991,1.0986122886681098,6.035146448194105
15937.0,4.174387269895637,0.6931471805599453,4.986001013137895
15938.0,4.727387818712341,1.791759469228055,6.0053181413965175
15939.0,4.51085950651685,2.833213344056216,8.716578333636072
15940.0,5.7430031878094825,1.0986122886681098,3.490428515390098
15942.0,4.90527477843843,0.6931471805599453,5.8243468240563
15944.0,5.627621113690637,0.6931471805599453,5.787204082795274
15945.0,5.902633333401366,0.6931471805599453,5.204006687076795
15947.0,4.430816798843313,0.6931471805599453,7.443804106257556
15948.0,2.1972245773362196,1.0986122886681098,6.863008927569726
15949.0,2.8903717578961645,1.0986122886681098,5.901868013296226
15950.0,1.0986122886681098,1.791759469228055,7.442059119721956
15951.0,0.6931471805599453,1.3862943611198906,6.508128096974179
15952.0,3.5553480614894135,1.6094379124341003,6.694029738646186
15953.0,2.772588722239781,2.3978952727983707,7.399722189824576
15955.0,3.2188758248682006,2.833213344056216,8.387268999299863
15957.0,3.4965075614664802,0.6931471805599453,6.063529362008149
15958.0,4.31748811353631,0.6931471805599453,4.6572881402501976
15963.0,3.044522437723423,1.0986122886681098,6.156470381692249
15965.0,2.8903717578961645,1.6094379124341003,6.741275574785469
15967.0,3.1780538303479458,1.0986122886681098,6.039849867434441
15969.0,1.3862943611198906,1.6094379124341003,6.369729735289492
15970.0,5.720311776607412,0.6931471805599453,5.752890048763229
15971.0,2.9444389791664403,2.5649493574615367,8.343042164747578
15973.0,5.4680601411351315,1.3862943611198906,4.612840692292312
15974.0,3.6888794541139363,2.1972245773362196,8.140475877159549
15975.0,4.442651256490317,0.6931471805599453,5.91892073563227
15976.0,5.111987788356544,1.0986122886681098,6.068286689709266
15977.0,2.8903717578961645,1.0986122886681098,6.961987749755856
15978.0,4.356708826689592,0.6931471805599453,7.002865438783795
15980.0,4.499809670330265,1.3862943611198906,7.783165681301249
15981.0,3.258096538021482,2.1972245773362196,8.134315065980752
15983.0,3.1354942159291497,1.6094379124341003,7.2971045552041165
15984.0,1.3862943611198906,2.4849066497880004,7.943772046553839
15985.0,4.820281565605037,1.3862943611198906,6.945455606164963
15986.0,3.4339872044851463,0.6931471805599453,5.1306085221219275
15987.0,2.5649493574615367,2.0794415416798357,7.280890014259552
15988.0,2.995732273553991,0.6931471805599453,5.069092863667825
15990.0,3.8066624897703196,1.0986122886681098,6.675961925760257
15992.0,1.6094379124341003,0.6931471805599453,3.76096753050819
15993.0,2.302585092994046,2.3978952727983707,7.9221957915388606
15994.0,4.02535169073515,0.6931471805599453,6.059286733610594
15996.0,4.48863636973214,2.0794415416798357,6.9525182974556525
15998.0,3.6375861597263857,1.9459101490553132,8.034362040169704
16000.0,1.3862943611198906,1.3862943611198906,9.4250242408686
16003.0,3.4339872044851463,1.791759469228055,7.914387503517288
16005.0,2.5649493574615367,1.6094379124341003,6.423879880082695
16006.0,5.356586274672012,0.6931471805599453,4.628886712605407
16007.0,3.8918202981106265,1.6094379124341003,7.4401114480984
16008.0,3.2188758248682006,1.3862943611198906,6.173327665501776
16009.0,3.1354942159291497,1.6094379124341003,6.9014454135860985
16010.0,5.5093883366279774,1.3862943611198906,6.012491914300058
16011.0,2.1972245773362196,2.833213344056216,8.120799810480259
16012.0,3.58351893845611,1.3862943611198906,7.255796055544432
16013.0,1.6094379124341003,4.007333185232471,10.415330158999867
16014.0,3.6109179126442243,1.6094379124341003,6.483306108462126
16015.0,1.6094379124341003,1.6094379124341003,6.538920994695759
16016.0,1.3862943611198906,2.3978952727983707,7.302705296790535
16017.0,3.871201010907891,0.6931471805599453,5.360728626669434
16018.0,3.6888794541139363,1.0986122886681098,6.015913227510292
16019.0,1.0986122886681098,2.3978952727983707,8.146488865739261
16020.0,2.8903717578961645,1.3862943611198906,6.747598263849638
16022.0,5.564520407322694,0.6931471805599453,6.4445763086835
16023.0,3.8501476017100584,1.3862943611198906,6.58037557967181
16024.0,2.5649493574615367,0.6931471805599453,5.530381015236806
16025.0,3.4339872044851463,0.6931471805599453,6.0882736030360425
16026.0,3.784189633918261,0.6931471805599453,5.468439815884993
16027.0,4.532599493153256,2.0794415416798357,6.748900217550289
16029.0,3.6888794541139363,4.343805421853684,10.839455609738852
16030.0,5.739792912179234,0.6931471805599453,5.805857599322498
16031.0,4.532599493153256,1.0986122886681098,6.30980918136658
16033.0,1.9459101490553132,3.332204510175204,9.07436141507988
16034.0,5.2832037287379885,1.3862943611198906,6.083815808172168
16036.0,4.477336814478207,1.0986122886681098,6.633213164581927
16037.0,5.602118820879701,1.3862943611198906,6.752293740354778
16038.0,2.1972245773362196,1.6094379124341003,6.121022430791613
16040.0,4.189654742026425,1.3862943611198906,7.181249680723068
16041.0,3.4657359027997265,1.3862943611198906,8.060666341057626
16042.0,3.1354942159291497,2.0794415416798357,7.046098824603704
16043.0,3.6635616461296463,1.6094379124341003,6.652850126044293
16045.0,4.795790545596741,1.6094379124341003,7.201692745596426
16048.0,4.465908118654584,1.3862943611198906,5.499992103246593
16049.0,3.713572066704308,1.3862943611198906,7.014625654228094
16050.0,5.1647859739235145,0.6931471805599453,4.933754249760298
16052.0,4.007333185232471,0.6931471805599453,5.894568109862285
16053.0,3.5263605246161616,1.0986122886681098,7.321816666315659
16054.0,4.983606621708336,0.6931471805599453,6.665556321132768
16055.0,5.402677381872279,0.6931471805599453,4.911183215124596
16056.0,3.828641396489095,0.6931471805599453,6.501064419948154
16057.0,1.6094379124341003,2.3978952727983707,7.669131039032301
16059.0,4.204692619390966,1.9459101490553132,7.286780582381662
16061.0,5.598421958998375,0.6931471805599453,
16062.0,2.3978952727983707,1.6094379124341003,7.051526564493091
16063.0,5.564520407322694,0.6931471805599453,5.818063087688587
16065.0,5.902633333401366,0.6931471805599453,5.921819677402093
16066.0,2.8903717578961645,1.791759469228055,7.328351991405618
16070.0,3.1354942159291497,1.0986122886681098,6.748935381973274
16071.0,3.828641396489095,0.6931471805599453,5.790693846645498
16072.0,5.666426688112432,0.6931471805599453,6.3721587062242255
16073.0,5.680172609017068,1.0986122886681098,4.557554332046428
16076.0,1.3862943611198906,2.4849066497880004,7.684567828217531
16078.0,5.652489180268651,0.6931471805599453,4.384523514872469
16079.0,2.8903717578961645,1.3862943611198906,7.210079628170788
16080.0,4.418840607796598,1.3862943611198906,5.17953383055807
16081.0,4.04305126783455,1.791759469228055,7.940192151975948
16083.0,4.624972813284271,1.0986122886681098,7.184341014166175
16084.0,5.703782474656201,0.6931471805599453,6.0803450096018565
16085.0,3.1780538303479458,1.791759469228055,6.890110521808668
16086.0,4.0943445622221,1.9459101490553132,7.021360711705327
16091.0,5.049856007249537,1.0986122886681098,5.755932068980957
16092.0,4.605170185988092,1.791759469228055,6.659755351669061
16093.0,4.68213122712422,0.6931471805599453,2.8903717578961645
16094.0,2.5649493574615367,1.9459101490553132,6.94969345034519
16096.0,5.579729825986222,0.6931471805599453,5.773370724425878
16097.0,5.484796933490655,0.6931471805599453,5.226015454792631
16098.0,4.48863636973214,2.0794415416798357,7.604211977042565
16099.0,3.9318256327243257,1.3862943611198906,6.597009266931805
16101.0,2.302585092994046,1.3862943611198906,7.128463868180796
16102.0,3.7612001156935624,1.3862943611198906,7.519225917888408
16103.0,2.0794415416798357,1.9459101490553132,7.265877175579781
16104.0,4.143134726391533,0.6931471805599453,5.714920219066657
16105.0,5.521460917862246,0.6931471805599453,5.822927545284644
16106.0,4.204692619390966,0.6931471805599453,4.694828057918627
16107.0,2.9444389791664403,2.0794415416798357,8.072517290105589
16108.0,4.454347296253507,1.0986122886681098,6.705761486390662
16109.0,5.393627546352362,1.0986122886681098,6.418169158208565
16110.0,3.828641396489095,1.3862943611198906,7.199289920749408
16112.0,4.969813299576001,1.6094379124341003,5.281883060084612
16113.0,5.214935757608986,0.6931471805599453,5.089939267434301
16114.0,5.147494476813453,0.6931471805599453,4.918154441302091
16115.0,2.3978952727983707,2.1972245773362196,7.419961948665055
16116.0,5.332718793265369,1.0986122886681098,6.386677278751795
16117.0,5.25227342804663,0.6931471805599453,5.451939335203601
16119.0,2.1972245773362196,1.0986122886681098,6.050582151591071
16120.0,4.0943445622221,1.791759469228055,7.166374076398486
16121.0,4.060443010546419,1.0986122886681098,6.7663184347416205
16122.0,4.30406509320417,1.6094379124341003,6.530031789055632
16123.0,3.970291913552122,0.6931471805599453,5.732629049213781
16124.0,5.75890177387728,1.0986122886681098,5.237239517039447
16125.0,5.908082938168931,0.6931471805599453,5.671087091818059
16126.0,3.4011973816621555,1.6094379124341003,8.74652078208272
16127.0,3.6888794541139363,0.6931471805599453,6.488064463609991
16128.0,2.9444389791664403,1.791759469228055,7.53967578152618
16131.0,3.970291913552122,1.9459101490553132,8.162670216045587
16133.0,1.6094379124341003,3.8501476017100584,9.568480442093191
16134.0,3.1354942159291497,1.3862943611198906,6.40471593001658
16135.0,5.575949103146316,0.6931471805599453,6.251036455035743
16136.0,4.110873864173311,1.3862943611198906,6.5658000381285
16138.0,5.910796644040527,0.6931471805599453,
16139.0,2.995732273553991,1.3862943611198906,6.455843009727984
16140.0,3.9889840465642745,1.6094379124341003,6.557871508449301
16141.0,4.48863636973214,0.6931471805599453,6.431974996958947
16142.0,5.5254529391317835,0.6931471805599453,6.284768288327816
16143.0,1.3862943611198906,2.0794415416798357,7.791869866360899
16144.0,5.5134287461649825,0.6931471805599453,5.171619713502079
16145.0,2.302585092994046,2.9444389791664403,8.227637364582646
16146.0,5.062595033026967,1.3862943611198906,6.600047354321349
16147.0,4.90527477843843,0.6931471805599453,5.929589143389895
16148.0,5.6937321388027,0.6931471805599453,4.34795265434013
16149.0,1.791759469228055,1.0986122886681098,5.640203493013329
16150.0,3.6888794541139363,2.3978952727983707,7.5533233117961665
16152.0,5.598421958998375,0.6931471805599453,7.512093103520083
16153.0,3.9318256327243257,1.791759469228055,7.5094612854730665
16156.0,2.302585092994046,2.6390573296152584,8.014871308141467
16157.0,2.833213344056216,1.6094379124341003,6.469622340609587
16159.0,5.645446897643238,0.6931471805599453,5.855644823965447
16160.0,4.174387269895637,1.6094379124341003,6.918151055164257
16161.0,1.0986122886681098,3.295836866004329,8.585593620777338
16162.0,5.53338948872752,0.6931471805599453,3.648057459593681
16163.0,5.420534999272286,1.3862943611198906,6.092666427616949
16164.0,2.8903717578961645,1.6094379124341003,6.6890145211327185
16168.0,2.4849066497880004,3.367295829986474,8.235254593591522
16169.0,2.1972245773362196,1.6094379124341003,7.5087707231305965
16170.0,3.9512437185814275,2.0794415416798357,7.53978208986298
16171.0,4.0943445622221,0.6931471805599453,4.3067641501733345
16172.0,4.564348191467836,1.791759469228055,7.039844382006876
16173.0,2.833213344056216,2.0794415416798357,7.249620092347333
16174.0,4.844187086458591,1.3862943611198906,6.918250016074778
16175.0,4.553876891600541,1.6094379124341003,6.945619303018016
16177.0,3.9318256327243257,0.6931471805599453,5.807992328556631
16178.0,4.9344739331306915,0.6931471805599453,5.292802185859927
16179.0,4.127134385045092,0.6931471805599453,5.379113636376126
16180.0,4.61512051684126,2.3978952727983707,9.231953124712248
16181.0,4.30406509320417,0.6931471805599453,5.725348252570762
16182.0,4.290459441148391,1.6094379124341003,8.797646700642568
16183.0,4.219507705176107,0.6931471805599453,5.828092312472438
16184.0,4.174387269895637,2.0794415416798357,7.053188068189672
16185.0,2.8903717578961645,1.0986122886681098,6.273650292389248
16186.0,3.1780538303479458,2.6390573296152584,8.292283080654308
16187.0,3.4965075614664802,2.8903717578961645,8.83087044238508
16188.0,3.828641396489095,1.6094379124341003,6.890466688844595
16189.0,2.833213344056216,1.0986122886681098,5.3774981644224775
16190.0,3.713572066704308,0.6931471805599453,5.37564870948436
16191.0,1.3862943611198906,3.258096538021482,8.499908671026025
16193.0,5.472270673671475,0.6931471805599453,5.754000190816819
16198.0,4.330733340286331,0.6931471805599453,5.995658241267267
16200.0,1.6094379124341003,1.0986122886681098,6.986215196242001
16201.0,1.3862943611198906,1.791759469228055,7.5079754377595
16202.0,5.8916442118257715,0.6931471805599453,5.903370766348874
16203.0,4.0943445622221,1.791759469228055,6.380376741875078
16204.0,3.1780538303479458,0.6931471805599453,6.008100400759408
16205.0,3.4657359027997265,1.6094379124341003,6.636445119047319
16206.0,4.02535169073515,1.6094379124341003,6.287970078106996
16207.0,3.258096538021482,0.6931471805599453,5.979847327767791
16208.0,3.828641396489095,1.0986122886681098,6.500177941687698
16209.0,4.499809670330265,1.791759469228055,7.724720580712637
16210.0,1.0986122886681098,2.9444389791664403,9.956426242517606
16211.0,4.406719247264253,1.0986122886681098,6.298526363335663
16212.0,2.995732273553991,1.3862943611198906,6.525308211419179
16213.0,4.382026634673881,0.6931471805599453,5.075173815233827
16214.0,5.147494476813453,1.3862943611198906,6.969555679887584
16215.0,4.406719247264253,0.6931471805599453,5.494500736279464
16216.0,5.5909869805108565,0.6931471805599453,6.81993994254006
16217.0,5.4638318050256105,1.6094379124341003,5.562180507139264
16218.0,3.4339872044851463,2.1972245773362196,8.024819610114575
16221.0,3.6375861597263857,1.3862943611198906,6.763723232676042
16222.0,5.765191102784844,0.6931471805599453,6.742550392588373
16224.0,4.060443010546419,1.6094379124341003,7.167269331605997
16225.0,3.828641396489095,1.791759469228055,7.000626122386744
16226.0,5.318119993844216,1.3862943611198906,5.545646084650602
16227.0,5.393627546352362,1.0986122886681098,5.734376339740835
16229.0,4.477336814478207,1.0986122886681098,6.91928851479581
16230.0,5.25227342804663,1.0986122886681098,6.297164567026571
16232.0,3.5263605246161616,1.791759469228055,6.891859609576752
16233.0,4.276666119016055,1.791759469228055,6.047679460435717
16235.0,3.7376696182833684,1.9459101490553132,6.75624610729833
16236.0,4.3694478524670215,0.6931471805599453,6.071199515126835
16239.0,4.060443010546419,1.3862943611198906,5.923988381983068
16240.0,2.1972245773362196,1.791759469228055,8.214684411221233
16241.0,2.3978952727983707,2.6390573296152584,7.8666724563751735
16242.0,2.1972245773362196,2.1972245773362196,8.188483547759207
16243.0,3.5553480614894135,1.0986122886681098,6.016401032398013
16244.0,5.3612921657094255,1.0986122886681098,7.328929680795481
16245.0,3.2188758248682006,1.791759469228055,7.210345668167037
16247.0,5.14166355650266,0.6931471805599453,4.749789875598035
16248.0,4.143134726391533,0.6931471805599453,5.036562916106171
16249.0,3.9889840465642745,1.791759469228055,7.496136211716589
16250.0,5.568344503761097,1.0986122886681098,5.967274308306765
16252.0,5.905361848054571,0.6931471805599453,
16253.0,3.4965075614664802,1.3862943611198906,8.207025535758678
16255.0,2.8903717578961645,2.3978952727983707,7.867220436240088
16256.0,5.556828061699537,1.0986122886681098,6.5980048143263925
16257.0,5.181783550292085,0.6931471805599453,3.8701588013294472
16258.0,3.828641396489095,1.791759469228055,8.557280836367838
16260.0,3.9512437185814275,0.6931471805599453,6.9435566914455205
16261.0,2.8903717578961645,1.6094379124341003,6.617175679416844
16262.0,5.8916442118257715,0.6931471805599453,
16265.0,2.302585092994046,2.4849066497880004,8.598616484105099
16266.0,4.31748811353631,2.0794415416798357,6.760287220618741
16268.0,4.276666119016055,1.0986122886681098,6.5052607543188055
16270.0,5.869296913133774,0.6931471805599453,7.040746525754151
16271.0,1.3862943611198906,1.9459101490553132,7.2614287229231245
16272.0,4.770684624465665,0.6931471805599453,6.022720936758536
16274.0,5.924255797414532,0.6931471805599453,5.883183103022492
16275.0,5.288267030694535,0.6931471805599453,6.329489149614112
16276.0,5.181783550292085,0.6931471805599453,6.69900760795166
16278.0,3.1780538303479458,1.3862943611198906,6.28940012227348
16279.0,3.091042453358316,1.6094379124341003,7.311672523100013
16281.0,4.290459441148391,0.6931471805599453,7.6319455965067835
16282.0,5.831882477283517,0.6931471805599453,5.13167228913909
16283.0,1.9459101490553132,2.0794415416798357,7.334662193074558
16284.0,3.4657359027997265,1.0986122886681098,6.715347022037144
16287.0,5.14166355650266,0.6931471805599453,4.966335035199676
16292.0,4.770684624465665,1.0986122886681098,5.641552398120067
16293.0,2.302585092994046,2.5649493574615367,7.713221706966625
16295.0,2.3978952727983707,1.6094379124341003,7.192595818099261
16297.0,5.365976015021851,1.6094379124341003,5.621849091893515
16298.0,3.1780538303479458,1.3862943611198906,6.3955954322030095
16302.0,4.6913478822291435,1.0986122886681098,5.365134539585354
16303.0,3.295836866004329,1.6094379124341003,8.576749949151075
16305.0,4.941642422609304,0.6931471805599453,5.8922517620363895
16306.0,5.3706380281276624,2.302585092994046,6.402364857706086
16308.0,3.6635616461296463,1.6094379124341003,7.848153086199526
16309.0,4.532599493153256,1.3862943611198906,6.533309071701137
16311.0,2.9444389791664403,1.0986122886681098,6.425290328985104
16313.0,1.3862943611198906,1.0986122886681098,5.617316403505768
16315.0,5.805134968916488,0.6931471805599453,5.426578646492048
16316.0,4.174387269895637,2.5649493574615367,7.921738804526022
16317.0,4.795790545596741,1.3862943611198906,7.202400551985058
16318.0,3.58351893845611,0.6931471805599453,5.796513573913885
16319.0,5.389071729816501,0.6931471805599453,6.004874234017899
16320.0,5.153291594497779,1.0986122886681098,6.946456626519212
16321.0,4.290459441148391,2.0794415416798357,5.44544343143833
16322.0,0.6931471805599453,1.0986122886681098,5.792251122643809
16323.0,5.2832037287379885,0.6931471805599453,5.339939041238856
16324.0,4.859812404361672,1.3862943611198906,6.0630407455972035
16325.0,3.8066624897703196,1.791759469228055,6.237425783702638
16326.0,1.9459101490553132,2.772588722239781,8.034942066854232
16327.0,2.70805020110221,1.9459101490553132,8.254586097468055
16330.0,2.9444389791664403,1.6094379124341003,5.493925267667725
16332.0,3.367295829986474,2.1972245773362196,7.36783482703018
16333.0,2.1972245773362196,3.1354942159291497,10.189711061801596
16337.0,3.6375861597263857,0.6931471805599453,5.024209414123374
16338.0,5.062595033026967,0.6931471805599453,5.374352052824034
16339.0,5.652489180268651,0.6931471805599453,4.709079649378603
16340.0,4.68213122712422,0.6931471805599453,6.310045542855303
16341.0,3.258096538021482,1.9459101490553132,7.58089361098376
16342.0,4.330733340286331,1.6094379124341003,5.778920868124441
16343.0,2.833213344056216,1.0986122886681098,5.917495026907807
16344.0,5.0689042022202315,0.6931471805599453,4.62595272517062
16345.0,3.8066624897703196,0.6931471805599453,6.356819213038024
16347.0,2.4849066497880004,1.0986122886681098,6.789703457206
16348.0,3.4965075614664802,2.0794415416798357,7.2933237553758445
16349.0,5.676753802268282,0.6931471805599453,3.9982007016691985
16350.0,3.091042453358316,1.791759469228055,7.004400930283667
16351.0,5.811140992976701,0.6931471805599453,5.042779747422823
16352.0,2.9444389791664403,1.0986122886681098,6.205446256629806
16353.0,1.6094379124341003,3.1780538303479458,8.806380630235296
16354.0,4.1588830833596715,1.0986122886681098,5.983432375410718
16356.0,5.293304824724492,1.6094379124341003,5.353373572296115
16357.0,3.5263605246161616,1.3862943611198906,6.492058000307724
16358.0,0.6931471805599453,1.791759469228055,7.613794005333313
16359.0,2.0794415416798357,2.5649493574615367,7.287129630885838
16360.0,1.791759469228055,2.1972245773362196,8.13525611559895
16361.0,2.3978952727983707,1.6094379124341003,6.799791377454196
16362.0,3.4965075614664802,2.302585092994046,6.481684321080954
16363.0,3.9889840465642745,0.6931471805599453,4.703747749349086
16364.0,2.5649493574615367,1.0986122886681098,6.562500589272956
16365.0,2.9444389791664403,2.302585092994046,7.340459348477051
16366.0,2.995732273553991,0.6931471805599453,5.793927824507547
16367.0,3.6375861597263857,1.0986122886681098,6.69145078789068
16368.0,1.0986122886681098,1.0986122886681098,6.211463158278113
16369.0,2.9444389791664403,1.3862943611198906,7.349012151188359
16370.0,4.418840607796598,1.6094379124341003,7.186568135964853
16372.0,3.5263605246161616,1.0986122886681098,5.910606924147827
16374.0,4.204692619390966,1.0986122886681098,6.161270610831518
16376.0,2.302585092994046,1.3862943611198906,6.886041226075383
16377.0,5.5909869805108565,0.6931471805599453,6.51796665025898
16378.0,5.5134287461649825,1.3862943611198906,5.897016495564267
16379.0,1.6094379124341003,1.791759469228055,7.665237835046977
16380.0,4.127134385045092,0.6931471805599453,7.485261502995209
16383.0,4.330733340286331,1.0986122886681098,6.506322031987343
16384.0,4.51085950651685,1.0986122886681098,6.372466183037772
16385.0,4.110873864173311,1.3862943611198906,6.322367733889242
16386.0,3.4011973816621555,1.0986122886681098,5.762680115903686
16387.0,5.780743515792329,0.6931471805599453,4.55765920331704
16389.0,3.9889840465642745,1.791759469228055,7.217641504521955
16392.0,5.602118820879701,0.6931471805599453,5.403532871692347
16393.0,1.0986122886681098,3.044522437723423,7.986861896258298
16394.0,3.9318256327243257,2.302585092994046,7.253512844628017
16395.0,4.127134385045092,1.791759469228055,7.305121008833652
16398.0,4.983606621708336,1.6094379124341003,7.39765344306513
16399.0,2.995732273553991,1.0986122886681098,6.015107828855458
16400.0,4.564348191467836,0.6931471805599453,5.720082242069654
16401.0,0.6931471805599453,3.044522437723423,8.309489824589905
16402.0,5.583496308781699,1.0986122886681098,5.705780477318874
16403.0,5.713732805509369,1.0986122886681098,5.087904929587556
16404.0,4.2626798770413155,0.6931471805599453,6.095937168704513
16405.0,5.713732805509369,1.0986122886681098,5.125450968524837
16406.0,2.995732273553991,0.6931471805599453,5.100293166026791
16407.0,2.6390573296152584,2.3978952727983707,7.662904955183649
16409.0,3.6109179126442243,1.791759469228055,7.61573195698808
16411.0,2.995732273553991,1.0986122886681098,5.373656723093852
16412.0,4.007333185232471,0.6931471805599453,5.029326192539745
16413.0,4.060443010546419,0.6931471805599453,5.572914199451162
16414.0,3.1354942159291497,1.0986122886681098,4.846153655430632
16415.0,3.8066624897703196,0.6931471805599453,5.3535155270127985
16416.0,3.332204510175204,1.6094379124341003,6.935360718341338
16418.0,3.828641396489095,1.3862943611198906,6.516592404584731
16419.0,4.736198448394496,2.0794415416798357,6.867433159503533
16422.0,2.8903717578961645,4.330733340286331,10.428413990879834
16423.0,3.258096538021482,0.6931471805599453,5.849670541490095
16424.0,5.2574953720277815,1.0986122886681098,4.425564936688365
16425.0,5.713732805509369,0.6931471805599453,5.716040372051703
16426.0,1.0986122886681098,2.3978952727983707,7.554465773768493
16427.0,5.575949103146316,1.0986122886681098,5.489185629310458
16428.0,4.406719247264253,0.6931471805599453,
16429.0,4.672828834461906,0.6931471805599453,5.654417145110872
16430.0,4.060443010546419,0.6931471805599453,5.709930205242435
16431.0,5.365976015021851,1.3862943611198906,6.467403651518229
16432.0,4.174387269895637,0.6931471805599453,5.664348405410794
16433.0,3.367295829986474,0.6931471805599453,5.221760243825881
16434.0,3.4011973816621555,2.0794415416798357,7.328601489128603
16438.0,1.9459101490553132,1.791759469228055,6.683798897410901
16440.0,2.1972245773362196,1.791759469228055,8.20019764662707
16441.0,4.219507705176107,1.0986122886681098,5.945944031806173
16442.0,1.0986122886681098,1.3862943611198906,6.426148593885366
16444.0,3.8501476017100584,1.791759469228055,6.461108736763047
16445.0,3.5553480614894135,0.6931471805599453,5.444623069137621
16446.0,0.6931471805599453,1.3862943611198906,1.3609765531341083
16447.0,4.919980925828125,0.6931471805599453,5.560720091814363
16448.0,5.293304824724492,0.6931471805599453,5.246444957137325
16449.0,5.2574953720277815,1.3862943611198906,6.515734390981397
16450.0,5.017279836814924,0.6931471805599453,5.74594756681688
16451.0,4.48863636973214,0.6931471805599453,5.590875033946567
16454.0,3.828641396489095,1.3862943611198906,
16455.0,4.174387269895637,2.0794415416798357,7.518704931910683
16456.0,4.605170185988092,1.791759469228055,7.67757179146855
16457.0,5.389071729816501,0.6931471805599453,5.34405525822189
16458.0,1.3862943611198906,2.9444389791664403,8.155861708321998
16460.0,3.367295829986474,1.3862943611198906,6.704071158824147
16461.0,5.187385805840755,0.6931471805599453,5.026639868237972
16462.0,4.174387269895637,1.6094379124341003,4.634728988229636
16463.0,3.091042453358316,2.0794415416798357,7.233238788660668
16464.0,3.044522437723423,1.3862943611198906,7.182108921222586
16466.0,3.5553480614894135,2.0794415416798357,7.380542530354457
16468.0,4.31748811353631,0.6931471805599453,4.3294166844015844
16469.0,3.2188758248682006,1.6094379124341003,6.47916994643317
16470.0,3.970291913552122,1.791759469228055,6.631263692166003
16471.0,5.62040086571715,0.6931471805599453,5.4158781552871815
16473.0,5.111987788356544,1.6094379124341003,5.755299077441909
16474.0,2.0794415416798357,2.4849066497880004,7.502445834867711
16475.0,4.48863636973214,1.6094379124341003,6.301336101932016
16477.0,4.174387269895637,2.0794415416798357,7.822228359929267
16478.0,3.258096538021482,1.3862943611198906,5.805134968916488
16479.0,2.3978952727983707,1.0986122886681098,5.709863944972069
16480.0,4.343805421853684,0.6931471805599453,6.646767067319571
16482.0,2.833213344056216,0.6931471805599453,5.400964203508179
16483.0,5.262690188904886,0.6931471805599453,4.9441393028078915
16484.0,5.1647859739235145,1.3862943611198906,5.941223330671235
16485.0,4.356708826689592,0.6931471805599453,5.898937989430242
16488.0,3.5263605246161616,1.6094379124341003,6.200914771290189
16491.0,3.871201010907891,0.6931471805599453,6.596463340891223
16493.0,4.30406509320417,1.9459101490553132,7.193430338730654
16494.0,5.697093486505405,0.6931471805599453,6.7184453603705006
16495.0,1.3862943611198906,1.3862943611198906,6.530017199354501
16496.0,2.302585092994046,1.6094379124341003,7.35450307547484
16497.0,3.9318256327243257,1.9459101490553132,7.99520213218973
16498.0,5.087596335232384,1.3862943611198906,4.467286478624705
16499.0,5.8888779583328805,1.791759469228055,5.768633446975818
16500.0,1.791759469228055,1.9459101490553132,5.996103769256407
16503.0,4.68213122712422,1.791759469228055,7.2601219556508365
16504.0,3.258096538021482,0.6931471805599453,6.18493208931219
16505.0,3.4965075614664802,0.6931471805599453,6.657497435176356
16506.0,3.044522437723423,1.0986122886681098,4.514150787600923
16509.0,5.697093486505405,0.6931471805599453,5.8990750978146345
16510.0,5.921578419643816,0.6931471805599453,5.517854422268135
16511.0,3.1354942159291497,1.3862943611198906,6.857787421604214
16513.0,1.791759469228055,1.6094379124341003,6.774897944843427
16515.0,3.970291913552122,1.791759469228055,7.395187395954291
16516.0,3.4339872044851463,0.6931471805599453,4.631812116934513
16517.0,5.627621113690637,0.6931471805599453,5.098035484377089
16518.0,4.127134385045092,1.3862943611198906,6.177778125171474
16519.0,3.258096538021482,1.0986122886681098,5.37564870948436
16520.0,5.231108616854587,1.6094379124341003,6.944684908067047
16523.0,1.0986122886681098,3.367295829986474,9.137411550504813
16525.0,1.0986122886681098,3.4011973816621555,9.384005402257726
16526.0,5.153291594497779,0.6931471805599453,5.674559615979298
16527.0,4.406719247264253,0.6931471805599453,5.43398397796957
16528.0,1.6094379124341003,0.6931471805599453,5.502930281242811
16529.0,5.25227342804663,0.6931471805599453,6.123040904896701
16531.0,3.1354942159291497,2.0794415416798357,7.127364592228089
16532.0,2.9444389791664403,1.3862943611198906,8.81726815379798
16533.0,2.995732273553991,1.791759469228055,6.935312078553008
16535.0,1.791759469228055,0.6931471805599453,6.388141149183067
16536.0,4.68213122712422,1.0986122886681098,6.291606175909503
16539.0,1.3862943611198906,1.6094379124341003,7.236922326134238
16542.0,4.007333185232471,0.6931471805599453,4.792645108022841
16545.0,5.111987788356544,0.6931471805599453,5.82982758150686
16546.0,5.676753802268282,1.3862943611198906,
16549.0,2.3978952727983707,2.3978952727983707,8.332221726715554
16550.0,4.700480365792417,2.302585092994046,7.726322922327677
16551.0,4.574710978503383,1.3862943611198906,6.827759236886412
16552.0,5.497168225293202,1.0986122886681098,5.9420904624901825
16553.0,5.099866427824199,2.70805020110221,8.642162786229246
16554.0,1.3862943611198906,2.0794415416798357,6.46544463475315
16555.0,3.58351893845611,1.0986122886681098,5.659098867029561
16556.0,4.219507705176107,2.0794415416798357,8.106149552197078
16557.0,3.2188758248682006,1.0986122886681098,5.644916721789165
16558.0,0.6931471805599453,3.2188758248682006,9.018942550222146
16560.0,3.091042453358316,1.3862943611198906,6.706263135112495
16561.0,1.9459101490553132,1.0986122886681098,6.238558972577978
16563.0,4.007333185232471,0.6931471805599453,6.9835489723662585
16565.0,5.8998973535824915,0.6931471805599453,5.163070217140011
16566.0,2.772588722239781,1.9459101490553132,6.421638527836924
16567.0,5.272999558563747,1.0986122886681098,6.764577509305809
16569.0,1.3862943611198906,0.6931471805599453,4.829912458665998
16570.0,2.302585092994046,2.772588722239781,8.1953198701582
16571.0,1.3862943611198906,1.791759469228055,7.159462963261099
16572.0,4.852030263919617,1.6094379124341003,6.90845503409641
16573.0,4.31748811353631,1.6094379124341003,6.476064258379874
16574.0,4.276666119016055,0.6931471805599453,6.11465515766318
16579.0,5.902633333401366,0.6931471805599453,
16581.0,5.049856007249537,1.0986122886681098,4.268857936568244
16582.0,4.736198448394496,0.6931471805599453,5.751365561394358
16583.0,5.926926025970411,0.6931471805599453,5.457242345535596
16584.0,4.394449154672439,1.3862943611198906,6.8123780969332115
16586.0,5.521460917862246,0.6931471805599453,6.141929872924206
16587.0,5.4510384535657,0.6931471805599453,5.421198495923853
16589.0,4.276666119016055,1.3862943611198906,6.131748092555038
16591.0,4.248495242049359,0.6931471805599453,5.368309738368072
16592.0,1.6094379124341003,2.995732273553991,8.31244932294739
16593.0,3.9512437185814275,1.3862943611198906,5.802209005711098
16594.0,4.330733340286331,0.6931471805599453,5.204501070343752
16595.0,4.127134385045092,0.6931471805599453,5.8893210734392785
16596.0,2.833213344056216,1.0986122886681098,5.526050370196054
16597.0,1.6094379124341003,0.6931471805599453,4.511298970378021
16598.0,5.627621113690637,1.0986122886681098,4.953712146696635
16600.0,1.6094379124341003,1.9459101490553132,6.702598982682314
16601.0,3.7376696182833684,0.6931471805599453,5.504518197131935
16602.0,3.4657359027997265,1.0986122886681098,6.206031423671332
16603.0,4.330733340286331,1.0986122886681098,6.180989265398516
16607.0,2.9444389791664403,2.833213344056216,8.019504235876425
16609.0,2.772588722239781,2.302585092994046,8.603730456032356
16610.0,5.393627546352362,0.6931471805599453,4.339380059952409
16611.0,5.231108616854587,1.0986122886681098,4.803939074160646
16612.0,3.5263605246161616,1.6094379124341003,7.08058190121429
16613.0,4.2626798770413155,0.6931471805599453,6.429057968967668
16614.0,5.214935757608986,0.6931471805599453,6.228885686840323
16616.0,2.772588722239781,1.0986122886681098,6.2174440732414
16617.0,5.4680601411351315,0.6931471805599453,5.029457048336844
16618.0,3.4657359027997265,1.9459101490553132,7.875362504974727
16619.0,5.541263545158426,1.0986122886681098,5.325007981801082
16620.0,1.6094379124341003,1.0986122886681098,5.192734603972972
16621.0,3.970291913552122,1.6094379124341003,6.70254987279894
16623.0,5.5093883366279774,0.6931471805599453,4.870990011582737
16624.0,4.406719247264253,1.0986122886681098,6.6989706432467875
16625.0,5.62040086571715,0.6931471805599453,5.811380485254219
16626.0,0.6931471805599453,3.044522437723423,8.384952394186515
16627.0,4.382026634673881,0.6931471805599453,5.780126041243535
16628.0,3.4339872044851463,1.9459101490553132,7.688931651715393
16629.0,4.31748811353631,1.0986122886681098,6.037226320804645
16633.0,2.8903717578961645,2.0794415416798357,7.965250390679049
16634.0,5.4116460518550396,1.0986122886681098,5.388615004528817
16637.0,3.4965075614664802,1.791759469228055,7.0260626216100395
16638.0,3.1780538303479458,2.4849066497880004,7.425041984930332
16639.0,3.258096538021482,1.6094379124341003,7.065083761384927
16641.0,4.672828834461906,0.6931471805599453,5.447168313280391
16642.0,1.791759469228055,1.3862943611198906,6.523312642093231
16643.0,5.5093883366279774,0.6931471805599453,6.191359942102381
16644.0,5.187385805840755,1.0986122886681098,6.72716821708184
16647.0,5.14166355650266,1.0986122886681098,5.37091705896238
16648.0,3.6888794541139363,1.0986122886681098,5.605287227907102
16650.0,4.290459441148391,0.6931471805599453,6.252712804455737
16652.0,4.007333185232471,2.4849066497880004,8.80316279843571
16653.0,2.833213344056216,1.3862943611198906,7.0629796678917245
16654.0,4.955827057601261,1.791759469228055,6.390190330228003
16655.0,2.9444389791664403,1.9459101490553132,8.241576702840911
16656.0,3.1354942159291497,3.091042453358316,9.055934326212485
16657.0,2.3978952727983707,1.6094379124341003,6.8401400295665695
16658.0,5.910796644040527,0.6931471805599453,4.822215178840431
16659.0,5.247024072160486,0.6931471805599453,3.691874963093735
16660.0,2.833213344056216,1.791759469228055,6.698822770761891
16665.0,5.8944028342648505,0.6931471805599453,4.915591745409362
16666.0,2.995732273553991,0.6931471805599453,4.787325062224947
16667.0,4.23410650459726,1.0986122886681098,6.347616854496022
16668.0,2.772588722239781,1.9459101490553132,5.729190278590734
16669.0,3.2188758248682006,1.6094379124341003,7.22393005160997
16670.0,2.8903717578961645,2.8903717578961645,8.29989750794363
16671.0,3.367295829986474,1.3862943611198906,7.434416849630159
16672.0,1.0986122886681098,3.1780538303479458,8.998951216280568
16674.0,4.02535169073515,1.0986122886681098,5.770225431204915
16676.0,3.5553480614894135,1.791759469228055,7.352261596954344
16678.0,1.3862943611198906,2.8903717578961645,8.011298722828654
16679.0,5.905361848054571,0.6931471805599453,4.873287102945032
16680.0,3.784189633918261,0.6931471805599453,5.218732887205194
16681.0,4.30406509320417,1.9459101490553132,7.479491601287773
16682.0,1.791759469228055,1.791759469228055,6.9363427358340495
16684.0,1.6094379124341003,3.4657359027997265,11.095788707389662
16685.0,4.127134385045092,1.0986122886681098,5.784563371339637
16686.0,3.871201010907891,2.302585092994046,8.021085393803862
16688.0,0.6931471805599453,1.6094379124341003,7.1403421019236415
16689.0,4.343805421853684,1.3862943611198906,5.717882599034983
16690.0,3.8066624897703196,1.3862943611198906,5.345344071975791
16692.0,5.54907608489522,1.0986122886681098,7.152268856032539
16693.0,4.248495242049359,1.0986122886681098,6.180037357371996
16696.0,4.912654885736052,1.6094379124341003,6.490571777919774
16697.0,5.488937726156687,0.6931471805599453,4.7340030578310595
16698.0,5.429345628954441,1.0986122886681098,7.6004023345004
16700.0,2.302585092994046,2.8903717578961645,8.525359754082631
16701.0,2.302585092994046,2.9444389791664403,8.546998565198269
16705.0,0.6931471805599453,3.4011973816621555,9.543029031316186
16706.0,3.6375861597263857,1.3862943611198906,6.277301167760616
16708.0,3.8501476017100584,0.6931471805599453,6.488642463139346
16709.0,4.454347296253507,1.791759469228055,8.016604986002726
16710.0,2.995732273553991,2.3978952727983707,7.817641545983298
16711.0,1.3862943611198906,1.791759469228055,7.4097601137223315
16712.0,2.302585092994046,2.4849066497880004,8.201503885750247
16713.0,2.995732273553991,3.091042453358316,8.830722819011502
16714.0,5.393627546352362,1.6094379124341003,6.816220961628548
16715.0,4.3694478524670215,0.6931471805599453,5.712808285863513
16716.0,5.5909869805108565,1.3862943611198906,5.77081787599236
16717.0,2.302585092994046,2.302585092994046,8.095403560388206
16718.0,5.91350300563827,0.6931471805599453,6.437351569715061
16719.0,2.772588722239781,2.1972245773362196,7.481510630471279
16720.0,3.295836866004329,0.6931471805599453,5.051393286568423
16721.0,5.572154032177765,0.6931471805599453,5.681775419393111
16722.0,2.8903717578961645,2.833213344056216,8.45791229140116
16723.0,4.5217885770490405,1.0986122886681098,6.380376741875078
16725.0,5.713732805509369,2.1972245773362196,6.654242722300452
16726.0,3.295836866004329,1.791759469228055,7.2320247928761745
16727.0,5.8998973535824915,0.6931471805599453,5.61247095620561
16728.0,3.8501476017100584,1.6094379124341003,6.9619309154279065
16729.0,3.6109179126442243,3.295836866004329,8.86464493208046
16730.0,3.970291913552122,1.6094379124341003,6.556480016204558
16732.0,3.4965075614664802,0.6931471805599453,6.404815149490137
16734.0,3.970291913552122,1.3862943611198906,6.47929274564127
16735.0,4.382026634673881,2.0794415416798357,7.727627617209785
16737.0,3.9889840465642745,0.6931471805599453,6.036915810011899
16738.0,5.700443573390687,0.6931471805599453,1.55814461804655
16739.0,5.153291594497779,1.0986122886681098,5.74795883698903
16742.0,3.871201010907891,1.0986122886681098,0.0
16743.0,3.4011973816621555,2.1972245773362196,7.692952786339896
16744.0,2.4849066497880004,2.0794415416798357,7.174540525720933
16745.0,4.477336814478207,2.9444389791664403,8.877898004513845
16746.0,1.791759469228055,2.995732273553991,8.809162560264664
16747.0,3.258096538021482,1.6094379124341003,6.71896484403959
16748.0,2.9444389791664403,1.791759469228055,7.324424057597627
16750.0,3.828641396489095,1.791759469228055,6.437639643463933
16751.0,3.4657359027997265,0.6931471805599453,7.476313818197086
16752.0,5.924255797414532,0.6931471805599453,5.339939041238856
16753.0,4.07753744390572,0.6931471805599453,5.415744783424001
16754.0,5.921578419643816,0.6931471805599453,7.602601016177664
16755.0,4.74493212836325,1.791759469228055,7.303594203695669
16756.0,5.375278407684165,0.6931471805599453,5.4823042026610525
16757.0,5.768320995793772,0.6931471805599453,4.680555912893981
16758.0,4.189654742026425,0.6931471805599453,5.91442150260967
16759.0,2.1972245773362196,1.6094379124341003,6.651365133874291
16761.0,4.584967478670572,0.6931471805599453,5.760855699682501
16762.0,3.044522437723423,1.3862943611198906,7.314805796331314
16763.0,5.225746673713202,1.0986122886681098,6.3900728677529335
16764.0,1.6094379124341003,2.9444389791664403,7.922714182652993
16765.0,5.68697535633982,0.6931471805599453,3.5553480614894135
16766.0,5.6131281063880705,1.0986122886681098,7.044556320474283
16767.0,3.4657359027997265,2.4849066497880004,8.627230752625026
16768.0,3.8918202981106265,1.791759469228055,6.129137352233054
16769.0,5.564520407322694,0.6931471805599453,5.94382247363014
16770.0,4.07753744390572,1.9459101490553132,6.614591542961118
16771.0,3.5263605246161616,1.791759469228055,7.717711687868648
16773.0,4.060443010546419,0.6931471805599453,5.150918839543312
16774.0,4.23410650459726,1.791759469228055,6.486038830287923
16775.0,2.3978952727983707,2.4849066497880004,7.4364168915956546
16776.0,4.110873864173311,0.6931471805599453,5.964298879035212
16777.0,4.394449154672439,1.0986122886681098,5.426490680271019
16778.0,4.31748811353631,1.0986122886681098,5.509145392139597
16779.0,1.0986122886681098,3.367295829986474,9.254840394252064
16780.0,4.61512051684126,1.0986122886681098,6.054885256226418
16781.0,5.902633333401366,1.0986122886681098,5.689176322266839
16782.0,2.3978952727983707,2.995732273553991,7.7156809861781674
16784.0,3.044522437723423,0.6931471805599453,4.687671407499835
16788.0,4.820281565605037,1.0986122886681098,6.39439310756415
16789.0,2.1972245773362196,0.6931471805599453,4.404277243608702
16790.0,1.6094379124341003,2.1972245773362196,7.32720218461072
16791.0,3.4011973816621555,2.1972245773362196,7.442656739805716
16792.0,5.645446897643238,1.0986122886681098,4.7129477781615225
16793.0,4.060443010546419,0.6931471805599453,5.500604935982869
16794.0,0.6931471805599453,2.5649493574615367,7.092166317953654
16795.0,5.902633333401366,0.6931471805599453,6.030396757109769
16796.0,4.499809670330265,0.6931471805599453,5.725609195882308
16800.0,2.4849066497880004,0.6931471805599453,7.092149685937022
16801.0,5.099866427824199,1.791759469228055,6.7671474789702515
16803.0,4.189654742026425,0.6931471805599453,5.8090429853136945
16804.0,3.1780538303479458,1.3862943611198906,6.287839972628443
16805.0,5.1647859739235145,1.0986122886681098,6.134677051181064
16806.0,4.6443908991413725,1.6094379124341003,6.687719393867341
16807.0,4.969813299576001,1.3862943611198906,7.02339379457603
16808.0,4.605170185988092,1.0986122886681098,5.667878920309847
16809.0,3.1780538303479458,1.9459101490553132,6.817546067091654
16810.0,5.262690188904886,1.0986122886681098,5.622717021934981
16811.0,1.791759469228055,1.0986122886681098,6.3064030160165885
16812.0,5.8916442118257715,0.6931471805599453,6.174515004855747
16813.0,2.1972245773362196,2.3978952727983707,7.434836068766861
16814.0,2.70805020110221,3.1354942159291497,8.779803579438996
16816.0,4.6443908991413725,1.6094379124341003,6.035624962893636
16817.0,1.3862943611198906,2.6390573296152584,7.277904041962734
16818.0,2.4849066497880004,2.6390573296152584,8.107409772811994
16820.0,4.574710978503383,0.6931471805599453,6.211824227045576
16823.0,5.429345628954441,0.6931471805599453,5.8843803244983075
16824.0,2.833213344056216,1.0986122886681098,6.134785366552204
16825.0,3.6888794541139363,1.0986122886681098,6.6543844520478315
16826.0,3.9512437185814275,0.6931471805599453,5.836855428880563
16828.0,4.543294782270004,1.0986122886681098,4.863680881139593
16829.0,5.062595033026967,0.6931471805599453,5.289377524978562
16830.0,3.6888794541139363,0.6931471805599453,5.789684903656904
16832.0,5.220355825078324,1.3862943611198906,5.299067085438582
16833.0,0.6931471805599453,1.6094379124341003,7.0098875895885335
16834.0,5.43372200355424,0.6931471805599453,6.026976468109342
16835.0,4.859812404361672,1.0986122886681098,5.203182171432998
16836.0,3.713572066704308,1.0986122886681098,5.5328755226775
16837.0,3.4657359027997265,2.5649493574615367,8.061086155682494
16838.0,5.288267030694535,1.3862943611198906,6.369729735289492
16839.0,2.302585092994046,3.6888794541139363,9.639442576463832
16841.0,3.6375861597263857,2.0794415416798357,7.481904936694597
16842.0,4.174387269895637,1.6094379124341003,7.140009204524301
16843.0,3.784189633918261,2.8903717578961645,9.228653655456135
16846.0,3.9318256327243257,0.6931471805599453,5.372125293692757
16847.0,3.784189633918261,0.6931471805599453,5.270123632177254
16848.0,3.9889840465642745,0.6931471805599453,5.643395324641106
16849.0,5.236441962829949,0.6931471805599453,4.8328633720008725
16850.0,5.814130531825066,0.6931471805599453,5.809372963868082
16851.0,1.6094379124341003,1.3862943611198906,5.839041540659891
16852.0,2.3978952727983707,1.0986122886681098,4.982989993275932
16855.0,3.2188758248682006,1.0986122886681098,5.79727281774354
16856.0,2.772588722239781,0.6931471805599453,3.594568774642695
16858.0,5.905361848054571,1.0986122886681098,5.84900772680898
16859.0,4.672828834461906,1.791759469228055,6.1615026367350865
16861.0,4.110873864173311,1.3862943611198906,5.028147719180887
16863.0,3.4011973816621555,1.6094379124341003,6.178669991616562
16866.0,4.955827057601261,1.3862943611198906,5.341089458391906
16869.0,3.1780538303479458,1.791759469228055,6.692852677569506
16871.0,3.1354942159291497,2.0794415416798357,7.923887725909954
16872.0,4.356708826689592,1.3862943611198906,6.523591674293888
16873.0,1.791759469228055,2.3978952727983707,8.86323520558416
16875.0,4.174387269895637,2.302585092994046,7.613063216888724
16877.0,2.5649493574615367,1.9459101490553132,6.750773929921596
16878.0,3.258096538021482,1.0986122886681098,0.0
16880.0,3.4657359027997265,2.0794415416798357,7.326518244034276
16881.0,4.219507705176107,0.6931471805599453,6.07073772800249
16882.0,4.219507705176107,1.3862943611198906,6.559785194721083
16883.0,5.236441962829949,1.0986122886681098,5.626649418726377
16884.0,3.6635616461296463,1.0986122886681098,6.0657367914825695
16885.0,2.772588722239781,1.3862943611198906,6.158058910731007
16887.0,3.58351893845611,0.6931471805599453,5.277502226834117
16889.0,5.278114659230517,1.3862943611198906,7.364971243447073
16891.0,1.0986122886681098,1.791759469228055,6.697898071993661
16892.0,0.6931471805599453,2.0794415416798357,6.2102787402609625
16893.0,5.908082938168931,0.6931471805599453,4.989956282887855
16895.0,4.189654742026425,0.6931471805599453,5.394263707595246
16897.0,5.703782474656201,1.3862943611198906,5.366116192112472
16898.0,3.295836866004329,1.6094379124341003,6.099107456123338
16899.0,2.1972245773362196,1.9459101490553132,7.156613359576336
16900.0,2.5649493574615367,1.791759469228055,5.240105456799623
16902.0,4.762173934797756,0.6931471805599453,7.443008114269093
16903.0,3.4011973816621555,0.6931471805599453,5.924897302835869
16904.0,1.6094379124341003,2.833213344056216,8.230915465741086
16905.0,1.791759469228055,2.1972245773362196,8.034786561981432
16906.0,4.418840607796598,1.6094379124341003,6.3643548092839675
16907.0,3.4011973816621555,1.791759469228055,6.890253003845995
16909.0,4.174387269895637,1.0986122886681098,5.9002808416853645
16910.0,1.6094379124341003,2.1972245773362196,7.320566670286484
16912.0,3.1780538303479458,2.70805020110221,7.835844138431601
16913.0,5.673323267171493,0.6931471805599453,4.74005066818191
16914.0,3.6109179126442243,0.6931471805599453,5.344532790344999
16915.0,2.302585092994046,1.9459101490553132,6.4340327431676485
16916.0,3.2188758248682006,1.0986122886681098,6.358292771601228
16917.0,5.627621113690637,0.6931471805599453,5.972587491338293
16918.0,3.9318256327243257,2.0794415416798357,6.951140385921542
16919.0,5.056245805348308,2.4849066497880004,7.862285473509961
16921.0,4.127134385045092,0.6931471805599453,5.1404347316311005
16923.0,2.5649493574615367,3.295836866004329,8.805049748644665
16924.0,3.091042453358316,1.6094379124341003,6.607325633707854
16926.0,5.918893854273146,0.6931471805599453,5.443499376392535
16927.0,4.762173934797756,1.3862943611198906,6.299041154397021
16928.0,4.394449154672439,2.995732273553991,7.9311050831497
16929.0,1.6094379124341003,2.0794415416798357,7.167338757569021
16930.0,3.295836866004329,1.3862943611198906,5.944241903735643
16931.0,1.791759469228055,3.091042453358316,8.434945721706782
16932.0,3.9889840465642745,0.6931471805599453,5.093382034882496
16933.0,0.6931471805599453,1.791759469228055,6.274912669027701
16934.0,4.02535169073515,1.0986122886681098,6.858491502676181
16936.0,3.295836866004329,0.6931471805599453,5.574736246721107
16938.0,2.302585092994046,1.791759469228055,7.551780490331446
16940.0,3.970291913552122,1.3862943611198906,8.023185352576407
16942.0,2.6390573296152584,2.3978952727983707,7.54703216332524
16943.0,5.3612921657094255,1.3862943611198906,6.706532208766916
16945.0,3.1354942159291497,2.995732273553991,8.377126202519118
16947.0,5.4680601411351315,0.6931471805599453,6.009991851721866
16948.0,4.941642422609304,1.3862943611198906,6.0776881138566
16949.0,1.6094379124341003,2.0794415416798357,7.0581302684243585
16950.0,4.060443010546419,1.3862943611198906,7.072896766566239
16951.0,4.820281565605037,1.6094379124341003,7.141838770334681
16952.0,4.700480365792417,1.0986122886681098,5.127588355789889
16953.0,3.4339872044851463,0.6931471805599453,3.0819099697950434
16954.0,0.6931471805599453,2.302585092994046,7.643041985736175
16955.0,5.225746673713202,1.791759469228055,6.203890873580987
16956.0,2.302585092994046,1.0986122886681098,5.681332345818609
16957.0,5.480638923341991,1.0986122886681098,6.03461981742191
16959.0,4.477336814478207,0.6931471805599453,4.773646335959993
16960.0,3.6888794541139363,1.3862943611198906,6.2305798679318904
16961.0,4.762173934797756,0.6931471805599453,5.46030865686874
16963.0,5.236441962829949,0.6931471805599453,4.714472920878541
16965.0,5.429345628954441,0.6931471805599453,5.309207849379209
16966.0,2.1972245773362196,2.3978952727983707,7.672976579104816
16967.0,5.247024072160486,0.6931471805599453,5.768383493840728
16968.0,1.6094379124341003,1.0986122886681098,6.087751522419478
16969.0,3.6888794541139363,1.3862943611198906,6.479139244274806
16971.0,1.3862943611198906,1.0986122886681098,5.451939335203601
16976.0,5.5909869805108565,0.6931471805599453,5.5314904534994245
16978.0,4.3694478524670215,0.6931471805599453,5.84450048159508
16979.0,1.6094379124341003,2.1972245773362196,7.501109748187719
16980.0,5.545177444479562,1.0986122886681098,6.984679282395341
16982.0,4.127134385045092,0.6931471805599453,5.95339916630119
16983.0,2.6390573296152584,2.1972245773362196,7.560705269790669
16984.0,4.3694478524670215,1.791759469228055,8.387863246052694
16985.0,2.8903717578961645,2.4849066497880004,8.60568380712594
16986.0,3.4339872044851463,1.0986122886681098,7.535937180689723
16987.0,1.3862943611198906,2.0794415416798357,7.393909039942478
16988.0,1.791759469228055,0.6931471805599453,4.845131522228461
16989.0,2.0794415416798357,1.9459101490553132,7.033726918544073
16990.0,5.393627546352362,0.6931471805599453,5.19295685089021
16992.0,2.4849066497880004,1.9459101490553132,7.3795448125509795
16995.0,5.921578419643816,0.6931471805599453,
16996.0,3.4339872044851463,2.302585092994046,7.264352219878711
16997.0,5.666426688112432,1.3862943611198906,6.555356891810665
16998.0,5.017279836814924,1.9459101490553132,5.663029922169237
16999.0,3.1780538303479458,1.0986122886681098,6.185838184926078
17001.0,0.6931471805599453,2.4849066497880004,8.291689356823657
17002.0,4.30406509320417,1.6094379124341003,7.30571227159998
17004.0,3.8501476017100584,1.0986122886681098,7.254135412741511
17006.0,1.791759469228055,1.6094379124341003,6.6628516858853635
17007.0,3.9512437185814275,2.0794415416798357,6.77813622317753
17010.0,2.8903717578961645,1.0986122886681098,5.228216738868547
17011.0,3.4339872044851463,0.6931471805599453,5.605434351638425
17014.0,2.1972245773362196,1.6094379124341003,6.339618288503033
17015.0,3.4011973816621555,1.3862943611198906,7.519453763930569
17017.0,1.3862943611198906,3.332204510175204,9.056619099940201
17018.0,3.7376696182833684,1.0986122886681098,6.82556860799419
17019.0,2.4849066497880004,1.6094379124341003,7.149610666818088
17022.0,3.4657359027997265,0.6931471805599453,4.276666119016055
17024.0,3.828641396489095,1.3862943611198906,4.573163389853005
17025.0,4.127134385045092,1.3862943611198906,5.882681514648826
17026.0,5.225746673713202,1.0986122886681098,5.048765669457523
17027.0,4.382026634673881,2.0794415416798357,6.744753880173583
17029.0,4.718498871295094,1.0986122886681098,6.57507584059962
17030.0,4.174387269895637,0.6931471805599453,4.996333509385396
17031.0,2.5649493574615367,1.0986122886681098,5.943717588610248
17033.0,4.465908118654584,1.3862943611198906,6.9384202652929305
17034.0,2.833213344056216,1.6094379124341003,6.600645708864258
17035.0,5.5093883366279774,1.3862943611198906,5.964427313039576
17037.0,4.3694478524670215,1.0986122886681098,7.134269144401807
17038.0,3.4339872044851463,0.6931471805599453,4.730921391293652
17040.0,4.9344739331306915,0.6931471805599453,6.110868490605405
17041.0,3.332204510175204,1.6094379124341003,6.972390670427629
17042.0,1.3862943611198906,1.791759469228055,6.9521357346628685
17043.0,3.4965075614664802,1.6094379124341003,7.459442576481153
17044.0,2.302585092994046,1.3862943611198906,6.80064879556484
17045.0,4.736198448394496,1.3862943611198906,5.83023889860876
17046.0,5.062595033026967,0.6931471805599453,6.466175827952961
17047.0,4.454347296253507,1.3862943611198906,7.004791241493732
17048.0,4.7535901911063645,1.9459101490553132,6.763099380716668
17049.0,1.3862943611198906,2.4849066497880004,8.629768021216996
17050.0,4.574710978503383,1.9459101490553132,8.080187879386058
17051.0,5.272999558563747,0.6931471805599453,5.513993103014726
17052.0,3.367295829986474,0.6931471805599453,6.027675929070554
17053.0,4.867534450455582,1.0986122886681098,6.2093543214736435
17054.0,3.367295829986474,1.9459101490553132,7.211431264188267
17058.0,4.418840607796598,1.3862943611198906,7.074023670453844
17059.0,3.4339872044851463,1.791759469228055,8.037879154522797
17060.0,5.58724865840025,0.6931471805599453,5.460606269591755
17061.0,4.31748811353631,2.5649493574615367,8.540349013993419
17062.0,5.752572638825633,1.791759469228055,6.283144865909526
17063.0,2.302585092994046,2.4849066497880004,7.260234432891888
17064.0,4.0943445622221,1.3862943611198906,6.757339283199166
17065.0,4.969813299576001,0.6931471805599453,
17068.0,2.5649493574615367,3.1354942159291497,8.418993641399195
17069.0,3.367295829986474,2.6390573296152584,7.884659338491301
17070.0,4.74493212836325,0.6931471805599453,5.746650374883377
17071.0,2.302585092994046,2.70805020110221,7.777574755937338
17073.0,2.9444389791664403,1.6094379124341003,7.277309922347601
17075.0,2.9444389791664403,1.791759469228055,6.702905864823569
17076.0,3.6109179126442243,1.3862943611198906,6.735875021605469
17078.0,3.6109179126442243,1.0986122886681098,5.938063770380866
17079.0,4.3694478524670215,0.6931471805599453,4.785823685681349
17080.0,3.1354942159291497,1.3862943611198906,5.6577385361547945
17081.0,3.258096538021482,1.0986122886681098,5.673872944250057
17082.0,3.5263605246161616,1.0986122886681098,7.603324523974459
17083.0,4.700480365792417,1.3862943611198906,7.249058683836842
17084.0,3.58351893845611,1.0986122886681098,7.989814654309178
17085.0,4.820281565605037,1.9459101490553132,7.349905837898154
17086.0,2.0794415416798357,1.9459101490553132,7.626121762674929
17088.0,3.367295829986474,1.6094379124341003,7.596899458212264
17090.0,1.6094379124341003,2.1972245773362196,7.622101170683076
17091.0,1.3862943611198906,2.3978952727983707,8.243758474994102
17092.0,3.9318256327243257,1.6094379124341003,7.483683015038365
17094.0,5.765191102784844,1.0986122886681098,5.602856556066241
17095.0,3.1354942159291497,1.9459101490553132,6.993198760799604
17096.0,2.302585092994046,2.0794415416798357,6.901415223235938
17097.0,1.0986122886681098,2.302585092994046,6.844730278560687
17100.0,2.9444389791664403,1.0986122886681098,6.880116831678181
17101.0,2.3978952727983707,1.6094379124341003,7.391865195080271
17102.0,5.572154032177765,0.6931471805599453,3.2771447329921766
17105.0,5.075173815233827,1.0986122886681098,6.50246015642561
17107.0,3.5263605246161616,2.0794415416798357,9.247773912163725
17109.0,3.4011973816621555,2.1972245773362196,6.769274515546637
17110.0,5.111987788356544,0.6931471805599453,5.101694025043222
17111.0,3.871201010907891,0.6931471805599453,5.519899699795292
17114.0,1.9459101490553132,2.3978952727983707,6.61769705237742
17115.0,2.1972245773362196,1.791759469228055,6.694438288485663
17117.0,5.666426688112432,0.6931471805599453,4.763881877142913
17118.0,5.765191102784844,0.6931471805599453,5.062721607294587
17119.0,1.3862943611198906,1.3862943611198906,6.387905728451503
17120.0,5.455321115357702,0.6931471805599453,5.731592175295468
17122.0,4.787491742782046,0.6931471805599453,4.9367734454978
17123.0,5.093750200806762,0.6931471805599453,5.847305451408376
17124.0,5.225746673713202,0.6931471805599453,5.703415740750875
17125.0,3.9318256327243257,0.6931471805599453,5.562026879608908
17126.0,5.030437921392435,2.0794415416798357,6.900579595233041
17128.0,5.817111159963204,0.6931471805599453,5.063164491108096
17131.0,1.791759469228055,1.791759469228055,7.8096103157799615
17133.0,2.833213344056216,2.0794415416798357,8.495609939749011
17134.0,4.68213122712422,1.0986122886681098,6.054439346269371
17135.0,2.833213344056216,2.0794415416798357,7.039423687328594
17138.0,5.6240175061873385,0.6931471805599453,5.9441108507245115
17139.0,2.833213344056216,2.772588722239781,9.267341495668907
17140.0,5.5134287461649825,0.6931471805599453,6.144872093737295
17142.0,5.480638923341991,0.6931471805599453,6.363028103540465
17144.0,0.6931471805599453,1.0986122886681098,6.893220154004312
17146.0,4.672828834461906,1.3862943611198906,6.621112666105018
17147.0,3.1780538303479458,1.9459101490553132,7.426929952234322
17148.0,3.970291913552122,0.6931471805599453,4.835329072196206
17152.0,5.278114659230517,1.6094379124341003,7.3162158960701
17153.0,3.2188758248682006,0.6931471805599453,5.369614248430071
17154.0,4.330733340286331,0.6931471805599453,5.800122427092944
17155.0,2.9444389791664403,1.0986122886681098,5.532203014394149
17157.0,2.1972245773362196,1.3862943611198906,5.728637675654378
17158.0,3.4965075614664802,1.3862943611198906,7.145172475411292
17159.0,3.1354942159291497,1.6094379124341003,7.336761117006283
17160.0,3.4657359027997265,1.9459101490553132,8.165940662434437
17162.0,3.4011973816621555,2.4849066497880004,7.443201317610355
17163.0,3.1354942159291497,1.0986122886681098,5.68391984555995
17164.0,3.5263605246161616,2.1972245773362196,7.810920243637364
17165.0,5.652489180268651,0.6931471805599453,5.073171812563154
17166.0,3.6888794541139363,1.3862943611198906,5.249599699750607
17169.0,3.9318256327243257,1.6094379124341003,6.706715626574853
17171.0,5.66988092298052,0.6931471805599453,5.420136689869131
17172.0,4.330733340286331,1.0986122886681098,5.750220668761986
17173.0,1.791759469228055,2.302585092994046,8.23128288179864
17174.0,5.389071729816501,0.6931471805599453,4.109233174715851
17175.0,3.8066624897703196,1.791759469228055,7.266785447201444
17176.0,5.313205979041787,0.6931471805599453,5.7272711107251055
17179.0,5.187385805840755,1.3862943611198906,6.569186846877494
17180.0,4.04305126783455,1.9459101490553132,6.661061587207667
17181.0,4.060443010546419,1.0986122886681098,5.4844649281755204
17183.0,2.1972245773362196,2.1972245773362196,8.09800738353867
17186.0,3.871201010907891,1.0986122886681098,4.976733742420574
17187.0,5.429345628954441,0.6931471805599453,5.322766046950346
17188.0,2.4849066497880004,2.302585092994046,7.730429595822219
17189.0,4.672828834461906,1.0986122886681098,5.954281755980266
17190.0,4.0943445622221,1.3862943611198906,5.524416545687879
17191.0,3.367295829986474,2.0794415416798357,7.647848066418356
17193.0,3.6109179126442243,2.302585092994046,7.423843033421783
17194.0,5.616771097666572,1.0986122886681098,5.57450867228432
17197.0,3.4339872044851463,0.6931471805599453,6.921668046035439
17198.0,3.2188758248682006,1.3862943611198906,6.541347409127499
17201.0,4.007333185232471,0.6931471805599453,5.839565497125275
17203.0,3.6109179126442243,1.9459101490553132,8.178877256226862
17204.0,5.135798437050262,2.302585092994046,7.210751981543661
17205.0,4.007333185232471,0.6931471805599453,5.953451104909766
17206.0,3.9889840465642745,0.6931471805599453,5.324180026073764
17211.0,3.332204510175204,2.302585092994046,7.740955663844193
17212.0,5.537334267018537,0.6931471805599453,5.428687517709892
17213.0,3.713572066704308,2.4849066497880004,7.916472035480754
17214.0,4.110873864173311,2.0794415416798357,6.8927634611629
17217.0,5.459585514144159,0.6931471805599453,4.740574822994295
17218.0,1.6094379124341003,2.3978952727983707,7.581576918422193
17219.0,3.4965075614664802,0.6931471805599453,4.746930131025923
17220.0,3.2188758248682006,2.70805020110221,8.070671686317706
17221.0,2.0794415416798357,1.0986122886681098,5.817497989896762
17222.0,4.189654742026425,0.6931471805599453,5.872540235443819
17223.0,5.739792912179234,1.0986122886681098,6.058632420966027
17226.0,5.736572297479192,0.6931471805599453,5.977593791422191
17227.0,2.995732273553991,1.9459101490553132,6.84622024286434
17228.0,2.833213344056216,2.1972245773362196,7.553333799033199
17229.0,4.574710978503383,1.0986122886681098,5.767570714403068
17230.0,5.579729825986222,2.4849066497880004,8.151238177663497
17231.0,2.5649493574615367,2.70805020110221,8.048411215647926
17232.0,1.3862943611198906,1.0986122886681098,6.046236782954962
17233.0,3.58351893845611,0.6931471805599453,5.256870176633863
17234.0,5.214935757608986,0.6931471805599453,5.0165510945255605
17235.0,3.258096538021482,1.0986122886681098,6.311843696146471
17236.0,2.6390573296152584,1.9459101490553132,6.821249228838842
17237.0,2.4849066497880004,1.0986122886681098,5.754760719420831
17238.0,1.3862943611198906,2.8903717578961645,8.228350445643704
17239.0,5.749392985908253,1.0986122886681098,5.942668132919018
17242.0,4.6913478822291435,1.0986122886681098,7.0353038099288
17243.0,0.6931471805599453,3.4339872044851463,9.062947639033125
17244.0,3.9889840465642745,0.6931471805599453,6.862653305069717
17245.0,5.327876168789581,0.6931471805599453,5.15010733938285
17247.0,2.772588722239781,0.6931471805599453,5.646118050461663
17248.0,4.795790545596741,0.6931471805599453,5.767226647212736
17250.0,1.6094379124341003,1.0986122886681098,5.954593072332077
17251.0,5.8971538676367405,0.6931471805599453,5.6499596679586945
17252.0,4.770684624465665,1.0986122886681098,5.871723345495433
17253.0,2.9444389791664403,0.6931471805599453,5.188837265929216
17254.0,1.791759469228055,1.0986122886681098,5.6110822193672805
17255.0,3.7376696182833684,1.0986122886681098,5.701813871561357
17256.0,4.68213122712422,1.0986122886681098,5.484796933490655
17259.0,5.003946305945459,1.0986122886681098,6.40418659316403
17262.0,3.970291913552122,1.791759469228055,7.134380761332616
17263.0,5.342334251964811,0.6931471805599453,4.165734558308774
17265.0,4.941642422609304,1.0986122886681098,6.334876930813136
17266.0,1.0986122886681098,1.3862943611198906,5.741848675462657
17267.0,4.852030263919617,1.0986122886681098,5.763999170144749
17268.0,4.6913478822291435,1.6094379124341003,6.639405134829848
17272.0,3.7612001156935624,1.791759469228055,7.6711418870884245
17274.0,3.58351893845611,0.6931471805599453,4.727210811897116
17277.0,5.43372200355424,1.0986122886681098,6.9719968810436015
17278.0,5.488937726156687,0.6931471805599453,5.509550266836412
17279.0,4.07753744390572,0.6931471805599453,5.240847139393487
17282.0,4.875197323201151,1.3862943611198906,7.440974288775877
17284.0,4.110873864173311,2.0794415416798357,7.404084333395422
17286.0,3.1354942159291497,0.6931471805599453,5.0429088546465515
17287.0,3.295836866004329,2.0794415416798357,6.97083335919483
17288.0,2.302585092994046,2.0794415416798357,7.258926103006179
17289.0,3.4965075614664802,1.6094379124341003,6.842854025398439
17290.0,1.6094379124341003,1.0986122886681098,6.265757382440746
17291.0,5.733341276897746,0.6931471805599453,6.313185661783185
17293.0,2.1972245773362196,2.302585092994046,7.536955763241639
17295.0,3.4011973816621555,1.3862943611198906,6.324269352631711
17297.0,2.8903717578961645,0.6931471805599453,4.888693623291013
17298.0,4.624972813284271,1.0986122886681098,6.21344742510144
17299.0,2.5649493574615367,1.6094379124341003,6.507441878013575
17301.0,3.091042453358316,0.6931471805599453,5.291443797604864
17302.0,2.772588722239781,1.9459101490553132,7.021913976876228
17303.0,5.8916442118257715,0.6931471805599453,5.525612288984722
17306.0,2.4849066497880004,3.091042453358316,9.059718624801775
17307.0,5.902633333401366,0.6931471805599453,
17309.0,4.564348191467836,0.6931471805599453,4.427836170705175
17311.0,4.3694478524670215,1.0986122886681098,7.234068948784864
17312.0,4.941642422609304,1.3862943611198906,6.469715324941794
17313.0,2.9444389791664403,1.0986122886681098,7.73592711169943
17314.0,3.258096538021482,2.4849066497880004,7.830330223763308
17315.0,0.6931471805599453,3.784189633918261,8.73318482865403
17317.0,3.8501476017100584,1.791759469228055,7.83400426247017
17320.0,4.61512051684126,1.3862943611198906,7.091425925345387
17321.0,2.1972245773362196,1.0986122886681098,6.5537339539375346
17323.0,2.772588722239781,2.302585092994046,6.813433610439527
17324.0,2.9444389791664403,1.6094379124341003,6.898946596200742
17325.0,5.638354669333745,0.6931471805599453,4.582924577040772
17329.0,2.70805020110221,1.0986122886681098,6.261701585954275
17330.0,3.1780538303479458,1.0986122886681098,5.899623343442402
17331.0,4.8283137373023015,0.6931471805599453,5.171619713502079
17333.0,4.465908118654584,0.6931471805599453,6.20506268557866
17334.0,5.71042701737487,1.3862943611198906,5.728800237631489
17337.0,5.0238805208462765,2.0794415416798357,7.573181766941482
17338.0,2.8903717578961645,2.3978952727983707,8.796819906418095
17339.0,4.553876891600541,1.0986122886681098,5.498642547781566
17340.0,2.302585092994046,2.833213344056216,9.38363632022947
17341.0,5.062595033026967,1.3862943611198906,6.662314992669317
17343.0,5.87493073085203,0.6931471805599453,5.2711516984752675
17344.0,3.8501476017100584,0.6931471805599453,5.084938485288739
17345.0,2.772588722239781,1.6094379124341003,6.2892330797607725
17346.0,1.6094379124341003,2.833213344056216,7.868093517813792
17347.0,4.465908118654584,0.6931471805599453,5.43790538075509
17348.0,2.772588722239781,1.791759469228055,7.056623459516872
17349.0,5.19295685089021,0.6931471805599453,4.716264233493678
17350.0,2.1972245773362196,1.791759469228055,7.136634350707877
17351.0,3.6109179126442243,1.3862943611198906,6.37698201740645
17353.0,4.867534450455582,1.0986122886681098,7.462214939768189
17354.0,3.9512437185814275,0.6931471805599453,7.239975632001093
17356.0,5.746203190540153,0.6931471805599453,5.188614101456073
17357.0,3.2188758248682006,1.0986122886681098,5.96393917604323
17358.0,5.717027701406222,1.0986122886681098,5.904953045160004
17359.0,2.4849066497880004,0.6931471805599453,4.858726543710496
17360.0,2.8903717578961645,1.3862943611198906,6.374667004542158
17361.0,3.912023005428146,1.3862943611198906,6.192771403813017
17362.0,5.480638923341991,1.0986122886681098,5.746937744970129
17364.0,0.6931471805599453,2.5649493574615367,8.402170592246875
17365.0,2.6390573296152584,2.1972245773362196,8.47690438805764
17367.0,5.476463551931511,0.6931471805599453,5.132262782217954
17368.0,3.1780538303479458,2.302585092994046,7.208244982452891
17370.0,4.30406509320417,1.6094379124341003,6.102961198121657
17371.0,2.8903717578961645,1.3862943611198906,6.051830311894415
17372.0,3.7376696182833684,2.1972245773362196,7.203167397495829
17373.0,3.713572066704308,1.6094379124341003,6.473767231940735
17374.0,5.393627546352362,1.0986122886681098,6.208127142322502
17375.0,5.25227342804663,1.6094379124341003,5.922918004572872
17376.0,4.276666119016055,1.0986122886681098,5.319099905730565
17377.0,3.2188758248682006,3.091042453358316,8.275610682585425
17379.0,2.4849066497880004,0.6931471805599453,6.005515370330642
17381.0,2.302585092994046,3.4339872044851463,9.917066440720244
17382.0,4.189654742026425,0.6931471805599453,4.1956970564823886
17383.0,1.6094379124341003,0.6931471805599453,5.299766316313141
17384.0,2.995732273553991,1.0986122886681098,5.821269170111868
17385.0,2.772588722239781,0.6931471805599453,5.568764262978113
17386.0,2.1972245773362196,1.9459101490553132,7.896336904550998
17387.0,3.044522437723423,1.0986122886681098,6.6658238353540185
17388.0,4.3694478524670215,1.6094379124341003,7.13931134565379
17389.0,0.6931471805599453,3.784189633918261,10.3514078807253
17391.0,5.10594547390058,1.0986122886681098,6.234018491942015
17392.0,5.730099782973574,1.0986122886681098,6.128854112403284
17394.0,5.393627546352362,0.6931471805599453,5.3223756316411075
17396.0,3.6888794541139363,2.1972245773362196,8.899976330900701
17397.0,3.1354942159291497,1.0986122886681098,6.547373473112078
17398.0,4.7535901911063645,1.3862943611198906,6.483688222474311
17400.0,4.844187086458591,1.791759469228055,7.664327861392181
17402.0,1.791759469228055,2.6390573296152584,7.8765815333589115
17403.0,3.6109179126442243,0.6931471805599453,5.6441032391546
17404.0,1.6094379124341003,2.9444389791664403,10.318963055700172
17405.0,0.6931471805599453,1.791759469228055,6.875459334181316
17406.0,5.802118375377063,1.791759469228055,7.565130193653934
17408.0,5.099866427824199,0.6931471805599453,3.5160130560907366
17409.0,5.225746673713202,1.0986122886681098,6.6500849805983275
17410.0,2.833213344056216,1.791759469228055,7.1030917728535865
17411.0,2.5649493574615367,1.6094379124341003,6.619993203330186
17412.0,1.3862943611198906,2.0794415416798357,7.138120689779327
17414.0,3.8066624897703196,1.0986122886681098,6.658011045870748
17415.0,4.394449154672439,0.6931471805599453,6.23213362528801
17416.0,3.4339872044851463,2.302585092994046,8.830446514732948
17418.0,3.7612001156935624,1.0986122886681098,6.1408754404446775
17419.0,2.4849066497880004,2.70805020110221,8.343308741922058
17420.0,3.9318256327243257,1.3862943611198906,6.3966462817363405
17422.0,2.833213344056216,2.3978952727983707,7.525170862329953
17423.0,3.828641396489095,1.6094379124341003,6.499230494835513
17425.0,2.995732273553991,1.0986122886681098,6.63354209247732
17426.0,1.6094379124341003,2.0794415416798357,8.521834404305725
17427.0,4.290459441148391,0.6931471805599453,4.623010104116422
17428.0,0.6931471805599453,3.5263605246161616,9.745631265418933
17429.0,4.804021044733257,1.6094379124341003,6.240509735944845
17430.0,3.5263605246161616,1.0986122886681098,5.586349377764106
17431.0,5.749392985908253,0.6931471805599453,6.002157176646725
17432.0,2.9444389791664403,1.0986122886681098,5.9047076831817
17433.0,4.48863636973214,0.6931471805599453,5.7175538787401186
17434.0,1.0986122886681098,2.302585092994046,7.755518745243815
17436.0,1.0986122886681098,1.0986122886681098,5.381278887262384
17438.0,5.5134287461649825,1.0986122886681098,5.938327448694853
17440.0,5.003946305945459,1.791759469228055,5.182345190295616
17442.0,3.4011973816621555,2.3978952727983707,7.701317767792768
17443.0,5.3981627015177525,0.6931471805599453,6.282715244436788
17444.0,5.003946305945459,1.3862943611198906,7.9865185392775535
17446.0,5.181783550292085,1.0986122886681098,4.803201036487226
17447.0,3.713572066704308,1.0986122886681098,6.296243383424822
17448.0,4.983606621708336,0.6931471805599453,
17449.0,1.0986122886681098,2.1972245773362196,7.826387267973667
17450.0,2.1972245773362196,4.02535169073515,12.141444360363932
17451.0,0.6931471805599453,2.3978952727983707,7.408500263405177
17453.0,2.9444389791664403,1.0986122886681098,6.189741470692064
17454.0,5.262690188904886,1.6094379124341003,6.25099788520506
17455.0,5.3230099791384085,0.6931471805599453,4.888090941338162
17456.0,5.902633333401366,0.6931471805599453,5.524895014596528
17457.0,4.852030263919617,1.791759469228055,7.460892986533744
17458.0,2.772588722239781,0.6931471805599453,5.760477818332746
17459.0,3.784189633918261,1.0986122886681098,6.489660754473831
17460.0,4.382026634673881,2.1972245773362196,6.1172818877926876
17461.0,3.1780538303479458,1.3862943611198906,6.6312900617355215
17462.0,3.9512437185814275,1.3862943611198906,6.498191783947809
17463.0,2.833213344056216,1.9459101490553132,7.540281587718616
17464.0,5.0689042022202315,0.6931471805599453,5.673185800678734
17466.0,2.3978952727983707,1.0986122886681098,6.638934214171274
17468.0,2.3978952727983707,1.0986122886681098,4.927253685157205
17469.0,2.833213344056216,1.9459101490553132,7.519724941548145
17470.0,3.828641396489095,1.791759469228055,7.02648897373005
17472.0,5.2574953720277815,1.3862943611198906,6.567080222875004
17475.0,4.382026634673881,0.6931471805599453,5.274895196603544
17480.0,4.31748811353631,1.0986122886681098,6.22951641515531
17481.0,1.6094379124341003,1.791759469228055,7.131170793311053
17483.0,4.189654742026425,1.3862943611198906,6.028374901128079
17486.0,5.568344503761097,0.6931471805599453,5.986125318762377
17489.0,4.0943445622221,1.0986122886681098,5.933941360864316
17490.0,0.6931471805599453,2.4849066497880004,7.56417623256956
17491.0,0.6931471805599453,2.4849066497880004,8.172706524875858
17492.0,5.517452896464707,0.6931471805599453,5.92844487193968
17495.0,2.1972245773362196,1.0986122886681098,6.211723943242329
17496.0,5.886104031450156,0.6931471805599453,5.605985872931934
17498.0,4.343805421853684,0.6931471805599453,5.610277331459341
17499.0,5.673323267171493,0.6931471805599453,6.435958042183625
17500.0,2.8903717578961645,1.3862943611198906,7.037905963447182
17501.0,5.402677381872279,1.0986122886681098,5.668500660511562
17502.0,2.302585092994046,1.6094379124341003,6.536836514626557
17503.0,1.3862943611198906,1.0986122886681098,6.327865352606625
17504.0,5.332718793265369,2.3978952727983707,7.918002547626409
17505.0,5.093750200806762,1.0986122886681098,7.0447656130660885
17506.0,4.2626798770413155,1.0986122886681098,5.68795792430923
17507.0,5.572154032177765,1.0986122886681098,6.407836624054821
17508.0,5.641907070938114,0.6931471805599453,5.961803989689555
17509.0,4.07753744390572,2.4849066497880004,8.716329255388164
17510.0,3.258096538021482,0.6931471805599453,5.7348934696812535
17511.0,1.3862943611198906,3.8501476017100584,11.386527199566428
17512.0,3.4011973816621555,2.4849066497880004,7.979694996234411
17513.0,4.290459441148391,0.6931471805599453,6.2426122948317895
17514.0,4.859812404361672,0.6931471805599453,5.345439473616771
17515.0,3.4657359027997265,1.6094379124341003,6.461499425865447
17516.0,2.772588722239781,1.791759469228055,6.645194995304136
17517.0,5.736572297479192,0.6931471805599453,5.043037945203756
17519.0,2.8903717578961645,2.0794415416798357,7.517558893357657
17520.0,4.007333185232471,0.6931471805599453,6.305928511499892
17521.0,3.2188758248682006,1.6094379124341003,6.5833538955937
17522.0,1.0986122886681098,1.791759469228055,6.977010782644906
17523.0,2.4849066497880004,1.6094379124341003,6.48270971889503
17524.0,5.8916442118257715,0.6931471805599453,4.983606621708336
17525.0,5.8888779583328805,0.6931471805599453,6.049025657632513
17526.0,0.6931471805599453,2.1972245773362196,6.562020275081739
17527.0,4.007333185232471,1.9459101490553132,6.791064146981927
17528.0,0.6931471805599453,2.4849066497880004,8.172192692323142
17530.0,0.6931471805599453,2.3978952727983707,7.777373602657861
17531.0,4.804021044733257,1.0986122886681098,5.685109209390579
17534.0,4.007333185232471,0.6931471805599453,5.413251904640136
17535.0,5.638354669333745,0.6931471805599453,5.108366782589591
17536.0,5.181783550292085,0.6931471805599453,4.350277936359301
17537.0,3.4339872044851463,1.0986122886681098,6.80086025323236
17538.0,3.295836866004329,0.6931471805599453,4.599353300666526
17540.0,2.302585092994046,1.3862943611198906,6.348089489796672
17542.0,5.602118820879701,0.6931471805599453,5.146039931102459
17545.0,3.784189633918261,1.3862943611198906,6.472284468787567
17547.0,5.921578419643816,0.6931471805599453,
17548.0,5.389071729816501,1.3862943611198906,
17549.0,3.2188758248682006,1.0986122886681098,5.0097015249361645
17550.0,5.288267030694535,1.3862943611198906,5.591583817293718
17551.0,5.886104031450156,0.6931471805599453,5.729580167477342
17552.0,3.784189633918261,1.9459101490553132,6.81449898850235
17553.0,4.875197323201151,0.6931471805599453,7.305591359925811
17554.0,0.6931471805599453,1.791759469228055,7.577352319081822
17555.0,3.044522437723423,1.0986122886681098,6.182621952564336
17556.0,5.332718793265369,0.6931471805599453,5.0682750735426705
17557.0,2.70805020110221,1.3862943611198906,6.29611434997733
17560.0,4.564348191467836,1.791759469228055,6.7522119632207875
17561.0,2.995732273553991,0.6931471805599453,5.12764766249453
17562.0,2.70805020110221,2.1972245773362196,7.010654768798601
17564.0,3.2188758248682006,1.3862943611198906,6.120319396731415
17566.0,2.1972245773362196,1.0986122886681098,6.804847308929716
17567.0,2.0794415416798357,2.3978952727983707,8.297433907005173
17569.0,5.808142489980444,0.6931471805599453,5.843950131819433
17571.0,3.9318256327243257,1.6094379124341003,7.312893667056457
17572.0,4.276666119016055,1.6094379124341003,5.428248536140067
17573.0,3.4011973816621555,1.6094379124341003,5.896879104618114
17574.0,5.497168225293202,0.6931471805599453,5.229235205360593
17576.0,2.1972245773362196,3.1354942159291497,8.148671204717296
17578.0,5.2574953720277815,1.0986122886681098,4.834216282954915
17579.0,1.791759469228055,1.6094379124341003,6.089498287379348
17580.0,5.537334267018537,1.3862943611198906,5.37860619777684
17581.0,0.6931471805599453,3.4657359027997265,9.281461244329035
17582.0,5.4680601411351315,0.6931471805599453,5.1720169104318625
17584.0,2.0794415416798357,1.3862943611198906,7.113386378545049
17585.0,4.700480365792417,1.6094379124341003,7.0335682107776405
17588.0,4.61512051684126,1.3862943611198906,7.123833932574225
17589.0,4.110873864173311,1.6094379124341003,7.785375866112405
17590.0,1.0986122886681098,1.3862943611198906,7.299946004359694
17591.0,4.30406509320417,2.1972245773362196,7.703468073097205
17593.0,1.6094379124341003,1.9459101490553132,8.27194717019408
17594.0,4.454347296253507,1.0986122886681098,6.901918276781504
17595.0,2.5649493574615367,1.0986122886681098,5.965608132562755
17596.0,3.1780538303479458,2.0794415416798357,7.947653827269738
17597.0,5.3706380281276624,0.6931471805599453,7.623333981206562
17600.0,2.9444389791664403,0.6931471805599453,5.091723608778362
17601.0,5.480638923341991,0.6931471805599453,4.7622594012308666
17602.0,1.0986122886681098,2.1972245773362196,8.52749395590987
17603.0,3.9318256327243257,1.791759469228055,
17604.0,5.384495062789089,1.0986122886681098,5.737732914025749
17608.0,3.5263605246161616,1.0986122886681098,5.270020767392923
17609.0,3.7376696182833684,1.9459101490553132,7.007528213140932
17611.0,1.6094379124341003,2.995732273553991,8.28118474101827
17612.0,3.9889840465642745,2.3978952727983707,7.597777582194557
17613.0,3.1780538303479458,2.8903717578961645,8.414134469042942
17614.0,4.060443010546419,0.6931471805599453,5.968886572094735
17615.0,4.875197323201151,1.3862943611198906,5.8009091853869235
17616.0,5.1647859739235145,1.3862943611198906,6.3494885806160095
17618.0,1.9459101490553132,1.3862943611198906,6.879952334320048
17619.0,5.746203190540153,0.6931471805599453,5.39144334453752
17620.0,4.110873864173311,0.6931471805599453,4.412070756022258
17621.0,3.091042453358316,1.6094379124341003,7.198258368620619
17623.0,3.5263605246161616,0.6931471805599453,6.269190976192483
17624.0,2.772588722239781,1.0986122886681098,6.7387210533149595
17625.0,2.9444389791664403,1.6094379124341003,7.6246189861593985
17628.0,4.406719247264253,0.6931471805599453,4.340553386467307
17629.0,1.9459101490553132,2.302585092994046,7.487240918844869
17630.0,5.14166355650266,1.0986122886681098,6.223766036206957
17631.0,1.0986122886681098,1.3862943611198906,6.271612055889925
17633.0,3.4657359027997265,1.9459101490553132,7.125556585885671
17634.0,3.6109179126442243,2.302585092994046,7.767674581380544
17636.0,2.302585092994046,1.0986122886681098,5.586986451742444
17637.0,3.4657359027997265,1.0986122886681098,6.3063847700056215
17639.0,5.6240175061873385,0.6931471805599453,4.695924549256556
17640.0,4.477336814478207,0.6931471805599453,6.434000623425246
17642.0,4.795790545596741,1.0986122886681098,6.569888069839022
17643.0,5.924255797414532,0.6931471805599453,4.63035048451839
17644.0,0.6931471805599453,2.8903717578961645,7.926595378938712
17646.0,5.393627546352362,1.6094379124341003,6.90440968873104
17647.0,4.189654742026425,0.6931471805599453,4.8982874609298115
17648.0,4.127134385045092,1.791759469228055,7.490278114209157
17649.0,4.912654885736052,1.0986122886681098,6.760113371067705
17650.0,3.091042453358316,0.6931471805599453,5.118472739628975
17651.0,2.5649493574615367,2.70805020110221,8.265565285434903
17652.0,3.258096538021482,2.9444389791664403,8.463397822079765
17653.0,3.4011973816621555,1.791759469228055,7.070622147941957
17654.0,5.627621113690637,0.6931471805599453,4.775334812511415
17655.0,2.4849066497880004,2.1972245773362196,7.852726757817188
17656.0,4.30406509320417,1.791759469228055,7.4239802997335635
17658.0,2.4849066497880004,1.3862943611198906,6.188017686148661
17659.0,1.6094379124341003,2.70805020110221,7.991507704743222
17660.0,4.955827057601261,0.6931471805599453,5.2832037287379885
17663.0,3.295836866004329,2.302585092994046,7.489562994424056
17664.0,2.995732273553991,1.0986122886681098,6.406285750140171
17666.0,1.6094379124341003,1.0986122886681098,6.591893186664721
17667.0,4.204692619390966,1.791759469228055,7.628765650289339
17668.0,0.6931471805599453,1.0986122886681098,5.854355333135575
17669.0,3.784189633918261,2.0794415416798357,8.133798724949507
17670.0,5.43372200355424,0.6931471805599453,5.331268466687723
17671.0,2.833213344056216,1.9459101490553132,7.158576252200784
17672.0,3.8066624897703196,1.6094379124341003,8.041612438890283
17673.0,0.6931471805599453,2.0794415416798357,7.39216710977626
17674.0,4.31748811353631,1.0986122886681098,6.313620507419839
17675.0,0.6931471805599453,3.7376696182833684,9.908430316925283
17676.0,1.6094379124341003,2.0794415416798357,7.232928203855881
17677.0,1.0986122886681098,3.784189633918261,9.69401389107927
17678.0,5.579729825986222,0.6931471805599453,5.700811398711247
17679.0,3.9889840465642745,1.0986122886681098,7.597451511865824
17680.0,3.2188758248682006,0.6931471805599453,5.2225156531317545
17682.0,2.3978952727983707,2.0794415416798357,7.808050766271056
17684.0,3.8066624897703196,0.6931471805599453,5.482345799133678
17685.0,2.8903717578961645,2.0794415416798357,8.068568984886818
17686.0,2.0794415416798357,2.0794415416798357,8.655294625475447
17690.0,3.4339872044851463,2.833213344056216,8.465784100850884
17691.0,5.883322388488279,1.0986122886681098,5.674696893761104
17692.0,4.852030263919617,1.791759469228055,6.599108304053986
17693.0,4.919980925828125,1.3862943611198906,5.236548340150405
17694.0,4.962844630259907,0.6931471805599453,5.649396684129609
17695.0,4.890349128221754,1.0986122886681098,6.641625935491769
17696.0,3.6635616461296463,2.70805020110221,7.69714402365517
17697.0,5.4680601411351315,0.6931471805599453,5.828798547972468
17698.0,5.568344503761097,0.6931471805599453,5.049535443053812
17700.0,2.8903717578961645,1.9459101490553132,7.827994206464304
17701.0,5.537334267018537,0.6931471805599453,6.037751581059295
17702.0,3.4339872044851463,1.9459101490553132,7.450498086868177
17703.0,3.58351893845611,1.3862943611198906,6.684286674843982
17704.0,5.135798437050262,1.0986122886681098,6.786931374567216
17705.0,1.3862943611198906,2.3978952727983707,7.485558945830854
17706.0,1.6094379124341003,3.1354942159291497,9.220129303666592
17707.0,5.225746673713202,1.0986122886681098,5.0330488889331555
17708.0,5.241747015059643,1.0986122886681098,5.591285443429055
17709.0,5.14166355650266,0.6931471805599453,4.9305092496169705
17711.0,2.4849066497880004,1.0986122886681098,5.956096403270191
17712.0,3.828641396489095,0.6931471805599453,6.261319913844147
17714.0,5.7745515455444085,0.6931471805599453,5.0369526024136295
17715.0,5.308267697401205,0.6931471805599453,5.791182664937034
17716.0,3.1780538303479458,2.5649493574615367,8.61373715525048
17718.0,5.4510384535657,0.6931471805599453,4.9441393028078915
17719.0,3.6635616461296463,2.9444389791664403,8.58835969884403
17720.0,3.295836866004329,1.6094379124341003,7.087523578988375
17722.0,4.574710978503383,1.9459101490553132,7.7755446049921675
17723.0,4.852030263919617,1.9459101490553132,8.094805704112124
17724.0,4.07753744390572,1.6094379124341003,6.904399655168775
17725.0,2.833213344056216,2.70805020110221,8.12329987116627
17727.0,2.302585092994046,1.0986122886681098,6.95038364103776
17728.0,1.6094379124341003,1.791759469228055,7.830695851574172
17730.0,1.3862943611198906,2.772588722239781,8.57354138823011
17731.0,4.382026634673881,1.791759469228055,6.779012403089411
17732.0,5.924255797414532,0.6931471805599453,5.7202134111139475
17733.0,3.6888794541139363,1.0986122886681098,6.541304131886272
17734.0,4.007333185232471,1.3862943611198906,6.553406199550886
17735.0,1.0986122886681098,2.995732273553991,9.481208376934894
17736.0,2.302585092994046,1.6094379124341003,5.824494549818464
17737.0,2.302585092994046,1.0986122886681098,5.131317825851867
17738.0,2.995732273553991,1.791759469228055,7.53066774585963
17739.0,2.5649493574615367,2.1972245773362196,7.932738967758767
17742.0,4.736198448394496,1.0986122886681098,5.875239671888878
17744.0,1.6094379124341003,2.0794415416798357,7.737214981239461
17746.0,5.4638318050256105,1.0986122886681098,4.603168183317418
17747.0,4.61512051684126,1.0986122886681098,4.184337600748806
17749.0,5.187385805840755,1.0986122886681098,6.515482764659955
17750.0,1.791759469228055,2.302585092994046,7.494747183701588
17752.0,5.886104031450156,0.6931471805599453,4.402319337941644
17754.0,0.6931471805599453,1.9459101490553132,7.462168988109326
17757.0,0.6931471805599453,3.4657359027997265,8.628106461956255
17758.0,2.995732273553991,2.1972245773362196,8.14835890712986
17759.0,2.8903717578961645,1.3862943611198906,6.728616651290672
17760.0,3.1354942159291497,1.0986122886681098,5.665006995704794
17761.0,3.5263605246161616,0.6931471805599453,6.570574791610563
17763.0,5.575949103146316,0.6931471805599453,2.772588722239781
17764.0,3.9512437185814275,1.0986122886681098,6.7090848039668485
17765.0,5.075173815233827,1.3862943611198906,5.921256652064486
17767.0,2.772588722239781,0.6931471805599453,5.6065370902173655
17768.0,2.1972245773362196,1.3862943611198906,7.72937482685066
17769.0,2.6390573296152584,2.5649493574615367,8.284410835719449
17770.0,5.298317366548036,1.791759469228055,7.042522158078838
17771.0,4.060443010546419,1.0986122886681098,5.508618809848949
17772.0,2.4849066497880004,1.0986122886681098,5.213684975707333
17774.0,4.584967478670572,1.791759469228055,7.103700280466374
17775.0,5.545177444479562,0.6931471805599453,4.050044303325521
17777.0,3.258096538021482,1.3862943611198906,6.502580128832101
17779.0,3.091042453358316,1.791759469228055,6.4664090749859495
17781.0,5.075173815233827,1.0986122886681098,5.24185282956691
17783.0,4.290459441148391,1.0986122886681098,5.650627799851681
17785.0,3.9889840465642745,0.6931471805599453,4.889897898613436
17786.0,4.454347296253507,1.0986122886681098,5.6338606003511575
17787.0,5.0369526024136295,1.6094379124341003,7.531654198303087
17788.0,4.31748811353631,1.0986122886681098,7.020101338813675
17789.0,5.641907070938114,0.6931471805599453,5.424509391785796
17790.0,3.332204510175204,2.70805020110221,7.584036017432181
17791.0,3.4339872044851463,0.6931471805599453,4.673762977453703
17793.0,3.258096538021482,0.6931471805599453,5.78086696496229
17795.0,5.198497031265826,1.0986122886681098,5.861896717749893
17796.0,3.713572066704308,1.6094379124341003,6.5495076704830835
17797.0,3.1354942159291497,1.3862943611198906,6.6611255745126075
17799.0,3.1354942159291497,2.4849066497880004,8.015353737479884
17800.0,3.6375861597263857,2.302585092994046,7.090085169074703
17802.0,4.418840607796598,1.6094379124341003,7.13316825320704
17805.0,4.31748811353631,0.6931471805599453,6.240879951161022
17806.0,2.4849066497880004,0.6931471805599453,6.304521925890991
17809.0,2.833213344056216,2.772588722239781,8.440014046497208
17811.0,1.6094379124341003,3.9512437185814275,8.946206843283388
17812.0,2.6390573296152584,1.6094379124341003,6.597363959103647
17813.0,2.70805020110221,2.0794415416798357,7.447518152642726
17816.0,3.6375861597263857,1.6094379124341003,3.6259396543400624
17817.0,1.6094379124341003,1.3862943611198906,5.9627563829712384
17819.0,4.290459441148391,2.1972245773362196,8.205783840289337
17820.0,5.2574953720277815,1.0986122886681098,
17824.0,3.9512437185814275,0.6931471805599453,5.701780471985528
17827.0,1.791759469228055,1.791759469228055,7.599130891241214
17828.0,2.302585092994046,2.302585092994046,7.378364974532581
17829.0,5.703782474656201,0.6931471805599453,6.7914910892950235
17830.0,1.0986122886681098,1.3862943611198906,5.990714265717278
17831.0,3.5263605246161616,0.6931471805599453,3.594568774642695
17832.0,3.9318256327243257,0.6931471805599453,5.052224993855419
17835.0,1.3862943611198906,1.3862943611198906,5.862607924982978
17836.0,3.871201010907891,0.6931471805599453,4.71142030583075
17837.0,3.7612001156935624,2.3978952727983707,7.353421388834449
17838.0,3.332204510175204,1.9459101490553132,7.746603253713636
17839.0,3.7612001156935624,0.6931471805599453,5.828357209237832
17841.0,1.0986122886681098,5.135798437050262,10.605142935472752
17843.0,5.717027701406222,0.6931471805599453,5.330203555410359
17844.0,4.68213122712422,0.6931471805599453,3.961955374176355
17846.0,4.454347296253507,0.6931471805599453,7.617808739608441
17848.0,4.406719247264253,2.302585092994046,6.804836224974295
17849.0,5.389071729816501,1.6094379124341003,6.408199247474378
17850.0,5.713732805509369,3.58351893845611,8.573503579116974
17852.0,2.5649493574615367,1.0986122886681098,4.747884288187267
17854.0,5.225746673713202,1.0986122886681098,5.743836174113374
17855.0,5.924255797414532,0.6931471805599453,5.346964663369558
17856.0,1.0986122886681098,1.9459101490553132,7.240499145289131
17857.0,1.3862943611198906,3.258096538021482,10.194825683453761
17858.0,1.9459101490553132,2.5649493574615367,8.548044362073345
17859.0,5.723585101952381,0.6931471805599453,5.00535470965233
17860.0,5.91350300563827,0.6931471805599453,5.536546555280287
17861.0,1.3862943611198906,2.302585092994046,7.630558344449593
17862.0,5.783825182329737,0.6931471805599453,5.804833718725929
17863.0,4.0943445622221,1.9459101490553132,8.058643712215618
17864.0,2.6390573296152584,1.3862943611198906,6.394426524998027
17865.0,3.4657359027997265,3.332204510175204,9.22616844451695
17866.0,4.969813299576001,1.0986122886681098,5.789042318607025
17867.0,3.4339872044851463,2.1972245773362196,6.4357496470657285
17869.0,4.68213122712422,1.791759469228055,6.061876411348347
17870.0,1.0986122886681098,2.6390573296152584,7.544543725872698
17871.0,5.327876168789581,0.6931471805599453,5.055608659738987
17873.0,4.394449154672439,1.9459101490553132,7.476109914574825
17874.0,5.225746673713202,2.0794415416798357,6.491117993870722
17877.0,5.14166355650266,0.6931471805599453,5.474830419933934
17878.0,3.8066624897703196,0.6931471805599453,5.941354762622532
17879.0,5.1647859739235145,0.6931471805599453,5.190286622334331
17880.0,5.902633333401366,0.6931471805599453,6.131052561315036
17881.0,5.720311776607412,0.6931471805599453,4.9004483350615
17883.0,1.3862943611198906,1.6094379124341003,6.511403517890506
17884.0,1.6094379124341003,1.6094379124341003,6.577096113675216
17885.0,2.5649493574615367,0.6931471805599453,5.253267697994312
17886.0,3.4965075614664802,1.3862943611198906,6.803072311514464
17887.0,4.867534450455582,0.6931471805599453,4.721618998631338
17888.0,2.995732273553991,2.3978952727983707,6.2667830040763
17889.0,5.3612921657094255,1.0986122886681098,5.3223756316411075
17890.0,5.780743515792329,1.0986122886681098,6.402066439321299
17891.0,5.093750200806762,0.6931471805599453,5.3223268190083886
17892.0,4.04305126783455,1.3862943611198906,5.501666290534067
17893.0,5.420534999272286,0.6931471805599453,4.7295977643631435
17894.0,4.290459441148391,2.1972245773362196,7.021806917181424
17895.0,3.8066624897703196,0.6931471805599453,4.59511985013459
17896.0,3.1780538303479458,0.6931471805599453,5.550320446542799
17897.0,5.159055299214529,1.6094379124341003,6.295450486266293
17898.0,4.454347296253507,1.0986122886681098,5.030830001381775
17899.0,5.075173815233827,0.6931471805599453,5.054971107916307
17900.0,5.111987788356544,1.6094379124341003,2.772588722239781
17901.0,3.4011973816621555,0.6931471805599453,4.7129477781615225
17904.0,3.091042453358316,1.0986122886681098,5.19251230765106
17905.0,4.276666119016055,1.6094379124341003,6.686160527657778
17906.0,5.5134287461649825,0.6931471805599453,4.302712827954156
17908.0,5.926926025970411,0.6931471805599453,5.498315108354934
17911.0,2.302585092994046,0.6931471805599453,5.9059883547555305
17912.0,5.739792912179234,1.9459101490553132,5.692418144577151
17913.0,4.0943445622221,1.0986122886681098,6.022478600637151
17914.0,1.6094379124341003,0.6931471805599453,5.821358081393286
17917.0,3.828641396489095,1.3862943611198906,5.835629115549854
17919.0,4.48863636973214,0.6931471805599453,7.173988970628047
17920.0,1.6094379124341003,2.8903717578961645,8.344053353337122
17921.0,4.174387269895637,1.6094379124341003,6.718433276143438
17923.0,5.645446897643238,0.6931471805599453,5.339939041238856
17924.0,0.6931471805599453,2.6390573296152584,7.970854373148076
17925.0,5.924255797414532,0.6931471805599453,5.501584687857454
17926.0,4.897839799950911,1.0986122886681098,5.98718038316893
17928.0,3.828641396489095,1.0986122886681098,5.363824168750156
17929.0,2.4849066497880004,1.791759469228055,6.728030348035448
17930.0,3.6109179126442243,1.791759469228055,7.462490605387541
17931.0,4.90527477843843,1.0986122886681098,6.014594964496837
17932.0,3.4011973816621555,1.3862943611198906,7.19486468749322
17934.0,3.970291913552122,1.0986122886681098,6.558552349882105
17935.0,4.9344739331306915,1.0986122886681098,4.989002993969142
17936.0,1.791759469228055,0.6931471805599453,5.968298269076143
17937.0,2.302585092994046,2.0794415416798357,8.366886447525236
17939.0,5.081404364984463,0.6931471805599453,4.606569206901798
17940.0,3.912023005428146,2.70805020110221,7.5931625838318615
17941.0,4.882801922586371,0.6931471805599453,5.722146158673159
17942.0,2.1972245773362196,0.6931471805599453,4.363098624788363
17946.0,5.455321115357702,1.0986122886681098,5.014494504421976
17947.0,3.6375861597263857,0.6931471805599453,5.179984179586172
17948.0,4.997212273764115,0.6931471805599453,5.884881061705198
17949.0,0.6931471805599453,3.970291913552122,10.873353932246555
17950.0,4.290459441148391,1.6094379124341003,6.159349056104167
17951.0,3.713572066704308,1.6094379124341003,6.89956180395361
17954.0,1.791759469228055,2.833213344056216,7.739084894282002
17955.0,5.298317366548036,1.6094379124341003,6.324896452316315
17956.0,5.521460917862246,0.6931471805599453,2.6210388241125804
17957.0,4.204692619390966,0.6931471805599453,4.724551943008172
17958.0,4.770684624465665,0.6931471805599453,6.233351341239327
17960.0,5.147494476813453,0.6931471805599453,4.314550469548967
17961.0,3.091042453358316,3.6888794541139363,7.1681483711962475
17962.0,4.962844630259907,0.6931471805599453,4.642754946315362
17964.0,3.4965075614664802,1.0986122886681098,6.158460937799191
17965.0,3.6635616461296463,2.70805020110221,7.872291264684285
17966.0,3.6635616461296463,1.791759469228055,7.0025471426656845
17967.0,5.921578419643816,0.6931471805599453,4.82084592245478
17968.0,5.926926025970411,0.6931471805599453,5.628879314629517
17969.0,5.117993812416755,1.0986122886681098,5.434594984840585
17970.0,5.356586274672012,0.6931471805599453,6.369198681477835
17972.0,5.493061443340548,0.6931471805599453,4.920272854015864
17973.0,3.970291913552122,0.6931471805599453,5.823164231676282
17974.0,3.258096538021482,1.3862943611198906,6.6090661842420575
17975.0,2.772588722239781,2.70805020110221,8.388134068980534
17976.0,5.921578419643816,0.6931471805599453,5.869833492313257
17977.0,3.4011973816621555,0.6931471805599453,5.6669109998802965
17978.0,5.902633333401366,0.6931471805599453,5.71016208162024
17979.0,3.6109179126442243,1.791759469228055,6.605040783696394
17980.0,5.117993812416755,1.3862943611198906,6.700054373848785
17984.0,4.983606621708336,0.6931471805599453,5.034872518460301
17985.0,3.1354942159291497,0.6931471805599453,6.455119943897493
17986.0,4.04305126783455,0.6931471805599453,3.0819099697950434
17987.0,5.225746673713202,0.6931471805599453,5.2961650519798935
17988.0,2.5649493574615367,2.1972245773362196,5.258380396944336
17990.0,5.472270673671475,1.3862943611198906,6.448636197538339
17991.0,5.420534999272286,1.0986122886681098,4.547011271814559
17994.0,4.812184355372417,1.9459101490553132,6.446814458145144
17995.0,5.645446897643238,0.6931471805599453,4.345103280569283
17997.0,4.31748811353631,2.5649493574615367,7.321386949756695
17999.0,3.6375861597263857,1.0986122886681098,5.948191634874515
18001.0,2.5649493574615367,1.0986122886681098,6.036031520433107
18004.0,5.8944028342648505,0.6931471805599453,5.138559328162834
18005.0,1.6094379124341003,1.0986122886681098,5.524336778607711
18006.0,3.1780538303479458,0.6931471805599453,6.09960120571256
18008.0,4.2626798770413155,2.302585092994046,7.657845016753332
18009.0,5.4638318050256105,1.0986122886681098,5.534337655675926
18010.0,5.552959584921617,0.6931471805599453,5.169346985251076
18011.0,5.924255797414532,0.6931471805599453,4.642369626977198
18013.0,5.049856007249537,1.0986122886681098,5.237983327508337
18014.0,3.367295829986474,0.6931471805599453,5.12050562523191
18015.0,1.6094379124341003,0.6931471805599453,4.7960384487505126
18016.0,3.4965075614664802,1.791759469228055,7.302873711036083
18017.0,4.406719247264253,1.3862943611198906,6.261491684321042
18018.0,4.6913478822291435,1.0986122886681098,4.813321919483064
18019.0,3.970291913552122,0.6931471805599453,3.6750340472918834
18022.0,3.6109179126442243,0.6931471805599453,6.5059484711262
18024.0,5.0369526024136295,1.3862943611198906,5.471345876430399
18027.0,4.605170185988092,0.6931471805599453,4.7562590403509475
18030.0,1.6094379124341003,1.3862943611198906,5.4013251166222656
18032.0,5.814130531825066,0.6931471805599453,4.310799125385514
18033.0,4.189654742026425,0.6931471805599453,4.5948167739086
18034.0,3.1354942159291497,1.0986122886681098,6.049450396306635
18035.0,3.6109179126442243,1.3862943611198906,6.594960505715281
18036.0,3.4965075614664802,1.3862943611198906,6.007879088376076
18037.0,5.043425116919247,1.9459101490553132,4.262961527514942
18040.0,2.995732273553991,1.0986122886681098,5.881091489626612
18041.0,2.5649493574615367,3.1354942159291497,8.33378464406204
18042.0,4.007333185232471,0.6931471805599453,5.112288947822756
18043.0,3.258096538021482,1.3862943611198906,6.328847083566265
18044.0,1.6094379124341003,2.4849066497880004,7.643315188173689
18045.0,3.828641396489095,0.6931471805599453,5.249127122357265
18048.0,5.318119993844216,1.0986122886681098,5.1549664916521545
18050.0,5.886104031450156,0.6931471805599453,4.32280727501391
18053.0,4.204692619390966,1.0986122886681098,5.697328358249735
18055.0,2.0794415416798357,2.4849066497880004,8.817762860886676
18056.0,5.666426688112432,0.6931471805599453,5.898937989430242
18058.0,2.3978952727983707,0.6931471805599453,5.142598791548616
18059.0,2.302585092994046,1.6094379124341003,5.696119858320856
18061.0,3.1354942159291497,2.3978952727983707,7.659364745193834
18062.0,5.159055299214529,1.3862943611198906,6.581360097857453
18064.0,4.897839799950911,1.0986122886681098,6.703188113240863
18065.0,1.9459101490553132,2.772588722239781,7.775309445250431
18066.0,4.330733340286331,0.6931471805599453,5.765191102784844
18067.0,3.713572066704308,0.6931471805599453,5.98476716966025
18068.0,5.66988092298052,0.6931471805599453,4.631812116934513
18069.0,3.295836866004329,2.0794415416798357,7.6122478564419005
18071.0,5.556828061699537,1.0986122886681098,6.118097198041348
18072.0,5.049856007249537,1.0986122886681098,-5.3290705182007656e-15
18073.0,4.74493212836325,2.6390573296152584,8.259830796715345
18074.0,5.926926025970411,0.6931471805599453,6.195629131824389
18075.0,3.1780538303479458,2.70805020110221,7.839809117715651
18077.0,2.1972245773362196,2.4849066497880004,7.876262678803233
18078.0,5.384495062789089,1.0986122886681098,5.820468612643942
18079.0,3.828641396489095,1.6094379124341003,8.20329581433342
18080.0,2.995732273553991,1.0986122886681098,7.116799905916845
18081.0,3.6109179126442243,1.3862943611198906,5.841948942039205
18082.0,3.295836866004329,0.6931471805599453,6.557303786277275
18084.0,2.833213344056216,1.0986122886681098,4.483341477622957
18085.0,5.802118375377063,1.0986122886681098,6.538067462249494
18086.0,5.616771097666572,0.6931471805599453,4.628300603376946
18087.0,4.59511985013459,1.6094379124341003,8.235127318549987
18088.0,4.127134385045092,0.6931471805599453,5.127944143269923
18092.0,1.0986122886681098,2.5649493574615367,9.112370257680642
18093.0,4.543294782270004,1.791759469228055,7.642245918076342
18094.0,4.418840607796598,2.0794415416798357,8.012449037966114
18095.0,5.749392985908253,1.0986122886681098,6.364836811668883
18096.0,2.5649493574615367,1.3862943611198906,6.8158044502342285
18097.0,2.1972245773362196,2.0794415416798357,7.898726676132855
18099.0,4.852030263919617,0.6931471805599453,5.131731354140141
18101.0,2.4849066497880004,1.0986122886681098,5.414543635516169
18102.0,0.6931471805599453,4.143134726391533,12.454648009329913
18104.0,3.6375861597263857,0.6931471805599453,6.627565072288651
18105.0,3.6635616461296463,0.6931471805599453,4.740400135248196
18106.0,5.802118375377063,0.6931471805599453,6.067730902561432
18108.0,5.521460917862246,1.0986122886681098,5.5821796528969525
18109.0,1.0986122886681098,3.4657359027997265,8.977944146389849
18110.0,2.995732273553991,1.0986122886681098,5.332960309991576
18112.0,2.5649493574615367,1.0986122886681098,5.868420823264403
18113.0,5.91350300563827,0.6931471805599453,4.34795265434013
18114.0,5.673323267171493,0.6931471805599453,5.3986150878634005
18116.0,4.23410650459726,2.1972245773362196,7.25772881858561
18117.0,3.295836866004329,0.6931471805599453,5.773681602035868
18118.0,2.4849066497880004,3.4657359027997265,8.629944924604086
18119.0,5.910796644040527,0.6931471805599453,5.204665810466581
18120.0,5.3706380281276624,0.6931471805599453,4.719837260966218
18121.0,5.0106352940962555,1.0986122886681098,6.513378467859393
18122.0,2.1972245773362196,1.9459101490553132,7.510545492301356
18123.0,3.2188758248682006,1.0986122886681098,6.380868021668796
18125.0,3.4339872044851463,1.791759469228055,7.04083406919764
18126.0,4.127134385045092,0.6931471805599453,5.336720437830982
18127.0,2.995732273553991,1.3862943611198906,5.857161428207895
18129.0,5.497168225293202,0.6931471805599453,4.732243268551567
18130.0,2.302585092994046,1.6094379124341003,6.953435851474111
18133.0,5.356586274672012,1.0986122886681098,6.574378247268227
18135.0,3.4011973816621555,1.791759469228055,6.52636307929225
18136.0,4.1588830833596715,1.6094379124341003,6.637035201741581
18138.0,5.69035945432406,0.6931471805599453,5.034677288576494
18139.0,2.8903717578961645,2.1972245773362196,9.035298652747127
18141.0,5.8916442118257715,0.6931471805599453,
18142.0,5.0238805208462765,1.6094379124341003,6.923530198097499
18143.0,4.770684624465665,1.0986122886681098,6.908914606701983
18144.0,2.1972245773362196,2.5649493574615367,7.968925272174377
18145.0,2.6390573296152584,1.6094379124341003,7.959468114958852
18146.0,4.955827057601261,1.0986122886681098,5.083575918497971
18147.0,3.8501476017100584,1.0986122886681098,5.19484395807176
18149.0,3.9512437185814275,1.3862943611198906,6.4184954331307065
18150.0,3.4965075614664802,1.3862943611198906,6.341381708583334
18151.0,4.912654885736052,1.0986122886681098,6.483642376501489
18154.0,1.3862943611198906,1.0986122886681098,5.991939434331194
18155.0,4.330733340286331,1.6094379124341003,5.854556029840523
18156.0,2.6390573296152584,1.0986122886681098,6.601148593666668
18158.0,2.302585092994046,1.3862943611198906,6.115340096763523
18159.0,5.71042701737487,0.6931471805599453,6.275044467226023
18160.0,4.060443010546419,1.0986122886681098,6.459998346683129
18161.0,2.3978952727983707,1.9459101490553132,7.386340728840492
18164.0,3.4657359027997265,1.0986122886681098,5.980656348391379
18165.0,5.181783550292085,0.6931471805599453,5.715249806097095
18167.0,1.6094379124341003,1.9459101490553132,7.212670503984826
18168.0,5.176149732573829,2.302585092994046,7.034070698986352
18169.0,4.127134385045092,0.6931471805599453,5.316402834094422
18170.0,3.5263605246161616,1.3862943611198906,6.888888413724063
18171.0,4.0943445622221,2.0794415416798357,7.097970597895192
18172.0,2.772588722239781,3.258096538021482,8.921480272589726
18173.0,4.477336814478207,1.6094379124341003,7.653419005452328
18174.0,2.0794415416798357,0.6931471805599453,4.653960350157523
18176.0,5.872117789475416,1.0986122886681098,6.108469502360524
18177.0,3.4657359027997265,2.0794415416798357,7.18172121382278
18178.0,4.74493212836325,1.9459101490553132,7.361635877903834
18179.0,2.302585092994046,1.9459101490553132,7.4922977984414185
18180.0,1.791759469228055,1.9459101490553132,7.520099045938476
18181.0,3.2188758248682006,0.6931471805599453,5.950121583573599
18183.0,5.389071729816501,1.9459101490553132,6.399459785069771
18184.0,2.772588722239781,0.6931471805599453,3.927896354584436
18185.0,5.521460917862246,0.6931471805599453,5.721131112990814
18188.0,2.772588722239781,1.6094379124341003,7.600647427024054
18189.0,4.3694478524670215,1.3862943611198906,6.989648580941599
18190.0,5.262690188904886,1.3862943611198906,5.618623925574879
18191.0,5.572154032177765,0.6931471805599453,5.341376856008484
18192.0,4.290459441148391,0.6931471805599453,6.865859791808101
18193.0,5.0238805208462765,1.3862943611198906,5.365789081663049
18194.0,4.174387269895637,1.0986122886681098,6.799055862058796
18196.0,4.564348191467836,1.0986122886681098,6.536879985642264
18198.0,1.6094379124341003,3.091042453358316,8.533865433970625
18200.0,4.672828834461906,0.6931471805599453,5.1047326174753715
18202.0,5.303304908059076,1.3862943611198906,7.242790769692349
18203.0,5.062595033026967,0.6931471805599453,5.084009663896226
18204.0,4.276666119016055,1.6094379124341003,7.591003627362835
18205.0,3.6109179126442243,1.0986122886681098,6.2506699815672135
18209.0,3.4011973816621555,0.6931471805599453,4.942356453342962
18210.0,1.0986122886681098,1.9459101490553132,7.871837581358896
18211.0,3.295836866004329,1.791759469228055,6.3987114002985646
18212.0,5.7899601708972535,0.6931471805599453,5.519138222492601
18213.0,5.472270673671475,0.6931471805599453,5.453096420335591
18215.0,4.499809670330265,0.6931471805599453,5.7049151662521345
18216.0,3.4657359027997265,0.6931471805599453,6.179498921308624
18217.0,3.4011973816621555,1.0986122886681098,6.43414515414229
18218.0,5.332718793265369,1.6094379124341003,6.441552417658422
18219.0,1.3862943611198906,2.4849066497880004,7.611233905880328
18220.0,5.3981627015177525,1.0986122886681098,5.699707516614171
18221.0,3.1354942159291497,1.9459101490553132,6.941489816711766
18222.0,4.543294782270004,0.6931471805599453,6.095824562432225
18223.0,1.0986122886681098,3.332204510175204,8.750877790165324
18224.0,5.579729825986222,0.6931471805599453,5.074861266395527
18225.0,1.3862943611198906,2.8903717578961645,8.58709604874046
18226.0,3.6888794541139363,2.70805020110221,8.555086100350612
18227.0,5.389071729816501,0.6931471805599453,4.5512418439625355
18228.0,3.9318256327243257,1.3862943611198906,6.646650221380809
18229.0,2.5649493574615367,3.044522437723423,8.892597638039238
18230.0,2.302585092994046,2.3978952727983707,7.907504416846375
18231.0,5.262690188904886,1.9459101490553132,7.633935801099076
18232.0,4.418840607796598,1.791759469228055,6.368993036523124
18233.0,5.7899601708972535,0.6931471805599453,6.089044875446846
18235.0,4.290459441148391,1.3862943611198906,7.494140962968628
18236.0,3.4339872044851463,1.9459101490553132,6.783596964352348
18237.0,1.3862943611198906,1.791759469228055,6.895783907200917
18239.0,5.393627546352362,1.791759469228055,7.354112779132593
18240.0,3.8501476017100584,0.6931471805599453,6.0487423982594555
18241.0,2.3978952727983707,2.9444389791664403,7.630019416611608
18242.0,4.290459441148391,1.6094379124341003,7.711320663504336
18245.0,2.0794415416798357,2.1972245773362196,7.827464162314761
18246.0,3.2188758248682006,1.0986122886681098,6.392084603552947
18248.0,4.74493212836325,1.6094379124341003,6.6644345302291095
18249.0,2.8903717578961645,0.6931471805599453,4.567883601202075
18250.0,5.71042701737487,1.0986122886681098,5.840409072188026
18251.0,4.477336814478207,0.6931471805599453,8.370019449389407
18252.0,3.9512437185814275,1.0986122886681098,6.268471088312343
18255.0,4.499809670330265,0.6931471805599453,4.647271362006727
18256.0,5.87493073085203,0.6931471805599453,
18257.0,3.6888794541139363,2.5649493574615367,7.725939123909774
18259.0,3.258096538021482,1.3862943611198906,7.757735253568871
18260.0,5.159055299214529,2.1972245773362196,7.86172707782398
18261.0,3.784189633918261,1.0986122886681098,5.784563371339637
18262.0,4.948759890378168,0.6931471805599453,5.013830184992774
18263.0,3.1780538303479458,1.6094379124341003,7.10009317105158
18265.0,4.290459441148391,1.0986122886681098,6.687744315985722
18268.0,4.90527477843843,1.0986122886681098,0.0
18269.0,5.883322388488279,1.0986122886681098,4.940927881671436
18270.0,3.6635616461296463,1.3862943611198906,5.4804305683042545
18272.0,1.3862943611198906,2.0794415416798357,8.028057302127976
18273.0,1.0986122886681098,1.3862943611198906,5.3230099791384085
18274.0,2.9444389791664403,1.0986122886681098,1.7763568394002489e-15
18276.0,3.091042453358316,1.3862943611198906,5.781854010076357
18277.0,4.07753744390572,1.0986122886681098,4.591375474965902
18278.0,4.31748811353631,0.6931471805599453,5.164214382024556
18280.0,5.631211781821365,0.6931471805599453,5.201806466167193
18281.0,5.204006687076795,0.6931471805599453,4.404521712501253
18282.0,2.1972245773362196,1.3862943611198906,5.17953383055807
18283.0,1.6094379124341003,2.833213344056216,7.647728791893583
18287.0,3.784189633918261,1.3862943611198906,7.516585630812605
